1903-12-03 HOC,62.0,8.041533874347806E-7
1903-12-03 OSCA,-17.75,0.0
1904-02-14 BKC,-630.0,0.0
1904-02-14 DTV,30.0,0.0
1904-04-30 DEV,-36.0,0.0
1904-06-05 Quick,-229.0,0.0
1904-10-30 DEAK,34.5,0.0
1905-03-05 Amsterdamsch Twaalftal,235.0,0.0
1905-03-19 OSCR,-432.5,0.0
1905-05-21 EHOC,72.5,0.0
1905-05-21 Swift,289.5,0.0
1905-06-25 DVD,-203.25,0.0
1905-08-31 Vitesse (Leiden),34.5,0.0
1905-10-22 Nausikaa,22.5,0.0
1905-11-12 DVV,-532.25,0.0
1906-05-12 DOS,29.0,0.0
1907-03-24 Velox,290.5,0.0
1907-09-29 HBC,-273.5,0.0
1907-12-15 DVD²,-249.0,0.0
1908-02-02 GSC,-461.0,0.0
1908-04-12 Delft,-91.5,0.0
1908-05-10 AVOG,-282.0,0.0
1908-05-31 AKC (Ap),-473.0,0.0
1908-05-31 Sparta,37.5,0.0
1908-05-31 THOR (Ar),579.5,0.0
1908-09-28 DIOS,-99.5,0.0
1908-10-25 MHS,119.0,0.0
1908-10-25 ONI,-6.0,0.0
1908-10-25 SDO,119.0,0.0
1908-11-01 Amicitia,226.5,0.0
1908-11-08 THOR,-43.25,0.0
1909-01-10 Inter Nos,-382.5,0.0
1909-10-24 NOSC,-263.0,0.0
1909-11-07 AW,-71.0,0.0
1909-11-07 DES,37.0,0.0
1909-11-14 DEOS,-117.25,0.0
1910-02-06 Vitesse (Haag),-93.0,0.0
1910-10-09 UD,113.0,0.0
1910-10-16 EDO,158.75,0.0
1910-10-16 EKCA,-29.75,0.0
1911-10-15 Fluks,58.25,0.0
1911-10-15 HSV,15.0,0.0
1911-10-15 KZ,-134.5,0.0
1911-10-15 Onder Ons,-254.75,0.0
1911-10-15 Quick (Arn),35.0,0.0
1911-10-15 TOG,-353.5,0.0
1911-11-12 DED,339.5,0.0
1911-12-10 OKK,-35.0,0.0
1912-01-28 Noviomagum,-124.75,0.0
1912-01-28 Victoria,-223.0,0.0
1912-04-21 DOS (E),70.0,0.0
1912-04-21 OSV,-459.75,0.0
1912-04-28 ASC,-441.75,0.0
1912-04-28 TOP (H),390.75,0.0
1912-10-13 Swift (G),-212.75,0.0
1912-11-03 HOC²,139.75,0.0
1912-11-10 TOP (Sch),-62.5,0.0
1912-11-10 ZOV,-49.0,0.0
1912-11-17 Excelsior,-4.0,0.0
1913-02-16 Boekelo,-543.25,0.0
1913-02-16 Goor,19.0,0.0
1913-04-13 Deventer,18.5,0.0
1913-04-13 Naas,-26.5,0.0
1913-05-19 Wilhelmina,-225.25,0.0
1913-06-29 BKC (DB),-43.0,0.0
1913-09-07 HS,-84.0,0.0
1913-09-07 KIOS (Z),626.5,0.0
1913-09-28 RSGV,-0.75,0.0
1913-09-28 Spartaan,-341.0,0.0
1913-10-05 Dordt,90.0,0.0
1913-10-12 Apeldoorn²,-392.5,0.0
1913-10-12 Dwingelo,-48.5,0.0
1913-10-12 Frederiksoord,-551.5,0.0
1913-10-12 LB,420.5,0.0
1913-10-12 Maasstad,29.5,0.0
1913-10-12 SSS (Z),118.5,0.0
1913-10-12 UDI (K),-213.75,0.0
1913-10-12 VDW (R),17.0,0.0
1913-10-12 Vitesse (Be),-48.75,0.0
1913-10-12 Westerbork,-48.75,0.0
1913-10-19 ODIS,255.0,0.0
1913-10-26 Hercules,-48.5,0.0
1913-10-26 UNI,94.5,0.0
1913-11-23 Doelen,-341.0,0.0
1913-11-23 Oring,100.75,0.0
1914-04-05 UNA (S),297.5,0.0
1914-04-05 VKC (Ve),-354.25,0.0
1914-04-12 TOP (Ap),-392.25,0.0
1914-10-04 Baarn,-813.5,0.0
1914-10-04 MAAS,9.75,0.0
1914-10-04 Rozenburg,26.5,0.0
1914-10-04 UKC,213.5,0.0
1914-10-11 Bussum,-92.25,0.0
1914-10-11 Haarlem,-122.25,0.0
1914-10-18 Residentie,-576.5,0.0
1914-10-25 DOSO,-116.5,0.0
1914-10-25 DVS,-149.75,0.0010889509721891955
1914-10-25 WIK,190.25,0.0
1914-11-08 VOMOS,-84.75,0.0
1915-03-14 HKC (He),45.75,1.8389333854429424E-4
1915-03-14 Ready,-134.5,0.0
1915-04-18 Animo,-63.5,0.0020919298112858087
1915-05-09 DDK (Z),-278.25,0.0
1915-05-16 LKC,267.25,0.0
1915-05-23 Quick (OP),-239.25,0.0
1915-05-24 AKV,112.0,0.001118719286751002
1915-06-20 NKC (Nw),-645.5,1.6866032092366368E-4
1915-08-29 Advendo,-137.25,2.0595150999724865E-5
1915-10-03 Avanti,200.0,2.3326531663769856E-4
1915-10-03 Olympia,24.5,0.0
1915-10-03 Purmerend,133.5,6.176330789458007E-4
1915-10-03 Velocitas,-91.75,0.0
1916-09-17 AKC (Al),136.25,9.698379799374379E-4
1916-09-17 TOG (L),-206.25,0.0
1916-10-08 ZKC (Zu),-126.25,0.0
1916-10-22 Gazelle,-434.25,2.9950485622975975E-4
1916-11-05 AOC,203.0,0.0
1916-11-05 Be Quick,405.0,0.0
1916-11-12 UD (Al),-202.0,0.0
1916-11-19 Helmond,23.75,0.002477810085110832
1916-11-19 PSV,-211.5,2.1198982722125947E-4
1916-11-26 Amersfoort,-15.25,0.0
1916-12-03 Lycurgus,-192.75,9.790328476810828E-5
1916-12-03 OC,303.0,0.0
1917-03-18 Merwestad,23.0,1.196798257296905E-5
1917-03-18 Victoria (V),-31.25,0.0
1917-09-09 Frisia,884.5,9.965420977096073E-4
1917-09-09 ODIS,-24.0,0.0
1917-09-09 UDI,-600.0,0.0
1917-09-09 WKC (Wo),-106.0,0.0
1917-09-16 Friso (L),894.5,0.0
1917-09-30 Jong Holland,17.5,0.0
1917-10-07 Delden,339.75,0.0
1917-10-14 Friso (H),-75.0,0.0012875092434114777
1917-10-14 Sparta (A),196.5,0.0017512912745587528
1917-10-14 Stanfries,54.75,0.0019635152857517824
1917-10-14 VOS,-129.75,2.6782781787915155E-4
1917-10-21 Ready (A),49.75,0.0
1917-10-21 Rood Wit (H),242.25,0.0
1917-10-21 TOGO (H),-280.0,0.0
1917-10-28 MKC (Me),-85.0,0.0
1917-11-04 DDV,-21.5,0.001319812006840948
1917-11-04 HW,-48.5,0.0
1917-12-09 Steeds Voorwaarts,-156.0,0.009750741919560824
1917-12-09 Zeelandia,-50.0,0.0
1917-12-16 Mercedes,34.75,0.0
1917-12-23 HBS (G),50.0,0.0
1918-05-05 HHD,41.0,0.0
1918-05-19 RODA (W),-203.5,0.0
1918-05-19 Six Semper,-120.0,0.0
1918-07-07 Sparta (V),-88.0,0.0
1918-07-07 VTV,-256.0,1.8280479707755148E-4
1918-08-18 THOR (S),-285.0,0.0
1918-08-18 TKC (T),593.5,0.0
1918-08-25 Luctor et Emergo,643.25,3.1601666705682874E-6
1918-09-01 AKC (Aa),358.0,0.0
1918-09-15 HSL,-187.75,0.0
1918-09-15 Juliana (G),-615.75,0.0
1918-09-15 Voorwaarts (M),-45.25,5.510966439032927E-4
1918-09-22 Venetas,206.0,0.0
1918-09-29 Blauw Wit,-51.0,0.001136836246587336
1918-09-29 LUTO,170.0,0.0
1918-09-29 Rap,-304.0,0.0
1918-09-29 Vriendschap,-251.0,0.0
1918-10-13 THB,-142.75,0.16069202539802063
1918-10-20 Bijenkorf,203.25,0.0026938184673781507
1918-10-20 Dubbel Zes,-299.75,0.0
1918-10-27 Swift²,271.25,0.005244852240139153
1918-11-03 Gelria,145.5,10.0
1918-11-03 Kattenburg,-86.75,10.0
1918-11-03 Twentsch Haagje,-92.25,10.0
1918-11-03 Westerkwartier,297.0,10.0
1918-11-10 Markelo,59.25,10.0
1918-11-10 OHS,375.25,10.0
1918-11-17 DOVA,-225.0,10.0
1918-11-24 DHBSC,59.0,10.0
1918-11-24 TIA,-134.75,10.0
1918-12-01 TOV (D),135.25,10.0
1919-05-25 DOS (M),-197.0,10.0
1919-05-25 UDI (Te),-223.25,10.0
1919-06-09 Thor (Zu),161.5,10.0
1919-06-15 Volharding,-84.5,10.0
1919-09-07 Gooiers,211.0,10.0
1919-09-14 DDM,85.0,10.0
1919-09-14 Inter Nos (A),-49.0,10.0
1919-09-14 KVD,-224.0,10.0
1919-09-14 VIJW,-55.75,10.0
1919-09-14 Zuiden,92.0,10.0
1919-09-21 Vlug en Lenig,409.0,10.0
1919-09-28 VIOD (D),-139.0,10.0
1919-10-19 HKV,532.0,10.0
1919-11-02 Noorden,-39.75,10.0
1919-11-02 Tekca,-155.5,10.0
1919-11-09 KVO,-239.25,10.0
1919-12-14 DKC (Di),35.25,10.0
1919-12-14 TOV (H),-600.0,10.0
1920-06-20 AKC (As),-207.5,10.0
1920-06-20 HBS (As),-440.5,10.0
1920-06-20 Hercules (NP),-164.0,10.0
1920-06-20 Kinea (A),205.25,10.0
1920-06-20 NKC (Ne),541.5,10.0
1920-06-20 Pro Patria,-483.5,10.0
1920-06-27 DDK (S),77.0,10.0
1920-06-27 HBS (B),-155.5,10.0
1920-06-27 Veendam,-261.25,10.0
1920-07-11 WKC (Gro),-400.0,10.0
1920-07-18 WK,101.5,10.0
1920-07-25 Quick (S),-91.0,10.0
1920-08-01 UDI (T),-91.75,10.0
1920-08-01 UNA (L),-107.0,10.0
1920-08-08 Rapide,29.75,10.0
1920-08-08 UDI (H),76.0,10.0
1920-08-08 WKC (DW),-71.0,10.0
1920-08-22 WTK,-623.25,10.0
1920-08-29 OLS,-50.0,10.0
1920-09-05 MIA (M),40.25,10.0
1920-09-05 OKK (R),-106.25,10.0
1920-09-05 SSS (V),-48.0,10.0
1920-09-05 VOP (M),18.75,10.0
1920-09-12 UDI (N),16.0,10.0
1920-09-19 ASV,35.75,10.0
1920-09-19 Amstelodamum,40.0,10.0
1920-09-19 Die Haghe,175.0,10.0
1920-09-19 Holver,-130.25,10.0
1920-09-19 SDO (A),-15.25,10.0
1920-09-19 SVO,-23.25,10.0
1920-09-19 TOGO (A),-68.75,10.0
1920-09-19 Victoria (A),55.5,10.0
1920-09-19 ZKV (Za),-174.5,10.0
1920-09-26 AJC,74.5,10.0
1920-10-03 Amstel,-158.75,10.0
1920-10-10 WKC (We),7.0,10.0
1920-10-17 HBS (H),-15.75,10.0
1920-10-24 Be Quick (EC),-133.5,10.0
1920-10-24 DOSO (NA),-48.0,10.0
1920-10-24 DOV,-41.0,10.0
1920-10-24 GESH,-276.0,10.0
1920-10-24 STA,-306.25,10.0
1920-10-24 TOG (ND),-145.75,10.0
1920-10-24 VIOS (Oo),-197.5,10.0
1920-10-24 VOMOS (S),22.5,10.0
1920-10-24 WIK (K),-36.0,10.0
1920-10-31 Incasso Bank,-134.75,10.0
1920-10-31 KDC,-368.5,10.0
1920-10-31 Vitesse (A),-39.0,10.0
1920-11-07 Aldy,-495.75,10.0
1920-11-07 Emma,354.0,10.0
1920-11-07 KVR²,215.25,10.0
1920-11-07 Ons Huis,-133.25,10.0
1920-11-07 Robaver,-170.0,10.0
1920-11-07 Taseno,271.75,10.0
1921-03-13 OKC (Ob),-339.75,10.0
1921-03-20 Wit Zwart,36.5,10.0
1921-03-27 OKV,-167.0,10.0
1921-03-27 Sparta (F),-411.5,10.0
1921-03-27 VIOS (Ki),-284.5,10.0
1921-03-27 VKC (Vr),-69.5,10.0
1921-03-27 Velocitas (S),144.0,10.0
1921-04-03 Blauw Wit (D),127.0,10.0
1921-04-03 Fluks (Z),140.0,10.0
1921-04-03 Olympia (F),-527.0,10.0
1921-04-03 Ons Huis (M),-47.5,10.0
1921-04-10 DOS (Ho),-228.75,10.0
1921-04-10 OKC (Oo),-519.75,10.0
1921-04-10 OKK (Z),150.75,10.0
1921-04-10 ZKC '19,-65.0,10.0
1921-04-17 Alcides²,131.25,10.0
1921-04-17 DOL,-48.25,10.0
1921-04-17 DOS (Ni),-124.25,10.0
1921-04-17 GIOS,165.25,10.0
1921-04-17 Hercules (A),47.75,10.0
1921-04-17 TOGIDO,46.75,10.0
1921-04-24 HE,-249.0,10.0
1921-04-24 Nic,-271.5,10.0
1921-04-24 Quick (M),-123.25,10.0
1921-04-24 Vitesse (E),55.25,10.0
1921-04-24 Vogel,-351.0,10.0
1921-05-08 Hermes (B),-19.0,10.0
1921-05-08 KIOS (R),-146.0,10.0
1921-05-08 MKC (Ma),-106.75,10.0
1921-05-08 VIOS (Dre),-413.5,10.0
1921-05-08 WWMD,36.5,10.0
1921-05-22 Bato,-383.0,10.0
1921-05-22 Concordia,-491.5,10.0
1921-05-22 DGV,-142.75,10.0
1921-05-22 SSS (S),-256.5,10.0
1921-05-22 WSS (ND),228.0,10.0
1921-05-22 ZAC,272.0,10.0
1921-05-29 Forward,120.5,10.0
1921-05-29 TOG (N),-296.25,10.0
1921-06-05 AFLM,-60.75,10.0
1921-06-05 Leonidas²,255.0,10.0
1921-06-05 OKC (Ol),-36.5,10.0
1921-06-05 SCS,583.5,10.0
1921-06-05 SH,-132.75,10.0
1921-06-12 HDT,-48.0,10.0
1921-06-12 SIM,95.5,10.0
1921-06-12 UDI (S),-43.5,10.0
1921-06-19 Excelsior (V),-152.0,10.0
1921-06-19 VDB,-6.0,10.0
1921-07-10 VOC,365.5,10.0
1921-07-17 KW,6.0,10.0
1921-07-17 TOGIDO (D),36.0,10.0
1921-07-24 ODA (B),-76.0,10.0
1921-07-31 IJKC,-36.0,10.0
1921-08-14 Vitesse (V),-7.0,10.0
1921-09-11 DIO (B),-10.0,10.0
1921-09-11 ELTO,70.5,10.0
1921-09-18 BKC (E),-163.5,10.0
1921-09-18 NHM (R),-126.0,10.0
1921-09-18 Utrecht,-134.5,10.0
1921-09-25 HBS (A),-44.75,10.0
1921-09-25 HSC (Hi),-333.25,10.0
1921-09-25 SLF,-114.75,10.0
1921-10-02 Achilles (N),-15.5,10.0
1921-10-02 Excelsior (A),179.0,10.0
1921-10-02 Madjoe (A),209.5,10.0
1921-10-02 NHM (A),-469.0,10.0
1921-10-02 Ozos,-119.0,10.0
1921-10-02 Rapiditas,127.0,10.0
1921-10-08 Achilles (A),617.75,10.0
1921-10-08 NKC (Nij),-450.0,10.0
1921-10-09 DSK,-208.0,10.0
1921-10-09 VKC (A),347.75,10.0
1921-10-23 Blauw Wit (Z),-168.5,10.0
1921-10-23 DOK,-253.0,10.0
1921-10-23 Unitas (D),-76.0,10.0
1921-10-23 WIK (E),-150.75,10.0
1921-10-30 SCH,-36.5,10.0
1921-11-11 WKC (Wij),-537.75,10.0
1921-11-13 Gorkum,-161.0,10.0
1921-11-20 Ontwikkeling,-858.0,10.0
1921-11-20 SVGT,-133.25,10.0
1921-11-20 Swift (W),258.0,10.0
1921-11-27 Graaf Willem 2,166.0,10.0
1921-11-27 Ons Eibernest,-298.0,10.0
1921-12-11 Ambakor,-85.0,10.0
1921-12-11 DVO (H),-42.0,10.0
1922-03-05 Groen Zwart,201.5,10.0
1922-03-19 Adundo,-100.0,10.0
1922-03-19 GKC (Gr),123.25,10.0
1922-03-19 Kinea (H),-500.0,10.0
1922-03-19 Kinea (S),-53.5,10.0
1922-03-26 DES (Z),102.5,10.0
1922-03-26 Oranje,36.5,10.0
1922-04-09 RKC DOS,36.5,10.0
1922-04-17 HSC,249.0,10.0
1922-04-23 DOS (B),-142.0,10.0
1922-04-23 Moedig Voorwaarts (B),85.5,10.0
1922-04-23 WVV,-54.5,10.0
1922-04-30 Akkrum,-62.5,10.0
1922-04-30 Foarut,-179.25,10.0
1922-04-30 HKC (Hrd),57.0,10.0
1922-04-30 Inter Nos (SJ),-132.75,10.0
1922-04-30 KCH,-59.0,10.0
1922-04-30 TOGO (W),-364.5,10.0
1922-04-30 UDI (O),295.0,10.0
1922-05-07 Advendo (TI),206.0,10.0
1922-05-07 Jonge Spartaan,-218.5,10.0
1922-05-07 UDO,36.5,10.0
1922-05-14 OLIK,-295.0,10.0
1922-05-14 Rohda (B),-307.5,10.0
1922-05-14 VEMO,-48.5,10.0
1922-05-28 BKC (Bu),-26.75,10.0
1922-05-28 ODIS (M),-287.0,10.0
1922-05-28 SSS (W),143.0,10.0
1922-05-28 TOP (B),-313.0,10.0
1922-07-09 AW (DC),-64.5,10.0
1922-07-09 Quick '21,-170.0,10.0
1922-07-16 Lyts Begjin,-51.0,10.0
1922-07-16 Tijnje,-36.0,10.0
1922-07-23 Ons Doel,136.75,10.0
1922-07-29 ONA,-51.0,10.0
1922-07-30 Pope,352.0,10.0
1922-09-10 KVKV,44.75,10.0
1922-09-17 Voorwaarts (L),-173.0,10.0
1922-09-17 Zwaluwen (H),79.0,10.0
1922-09-24 Boekhuis,500.0,10.0
1922-09-24 DES²,618.0,10.0
1922-09-24 Nieuwendammerham,152.0,10.0
1922-09-24 Olympia (A),-70.5,10.0
1922-09-24 Velox (A),-1100.0,10.0
1922-10-01 KDO,-117.5,10.0
1922-10-01 SSS (A),30.5,10.0
1922-10-07 Zwart Wit,304.75,10.0
1922-10-08 DEDO,149.0,10.0
1922-10-08 GHBSC,54.75,10.0
1922-10-08 GKV,160.5,10.0
1922-10-08 HBS (DB),-44.5,10.0
1922-10-15 Hollandia,351.0,10.0
1922-10-15 Trekvogels (A),-286.25,10.0
1922-10-15 Zwaluwen (A),44.0,10.0
1922-10-22 DES (D),-353.25,10.0
1922-10-22 Gorssel,-94.0,10.0
1922-10-22 HBS (De),288.5,10.0
1922-10-22 Phoenix (Z),-85.0,10.0
1922-10-22 Rohda (A),2.75,10.0
1922-10-22 Sloten,81.5,10.0
1922-10-28 TOP (V),34.5,10.0
1922-10-29 NIVO,21.25,10.0
1922-11-05 Blauw Wit (O),-70.5,10.0
1922-11-05 DIO (O),-96.5,10.0
1922-11-19 Judea,-30.5,10.0
1922-12-31 LEKC,-287.0,10.0
1923-02-04 DDM (O),-501.5,10.0
1923-02-04 MKV,-124.0,10.0
1923-04-08 DDB,-208.5,10.0
1923-04-22 Blauw Geel,30.25,10.0
1923-04-22 SCS,33.0,10.0
1923-04-22 SKC (Sc),57.25,10.0
1923-06-24 DOS (L),234.5,10.0
1923-06-24 Doel,-302.75,10.0
1923-08-12 DKC (DZ),177.25,10.0
1923-08-12 NKC (?),81.75,10.0
1923-09-09 HJWDO,-218.75,10.0
1923-09-09 Helder,-558.0,10.0
1923-09-09 Kraaien,-412.5,10.0
1923-09-09 SEV (E),-571.25,10.0
1923-09-09 TOV (M),225.5,10.0
1923-09-09 Trekvogels (R),-148.75,10.0
1923-09-09 Voorwaarts (O),31.0,10.0
1923-09-09 WIK (O),-147.5,10.0
1923-09-16 DWS,296.0,10.0
1923-09-16 Zuiden (R),264.75,10.0
1923-09-30 Go Ahead,-446.5,10.0
1923-09-30 KDO (Ap),175.0,10.0
1923-09-30 Laren,-600.0,10.0
1923-09-30 Nieuwe Turnkring,-21.0,10.0
1923-09-30 VZOD (L),0.0,10.0
1923-10-28 DKC (Do),251.5,10.0
1923-10-28 NOAD,-285.25,10.0
1923-10-28 ODI (H),18.0,10.0
1923-10-28 Oliveo,-599.25,10.0
1923-11-04 Achilles (H),-34.0,10.0
1923-11-04 Naaldwijk,-124.0,10.0
1923-11-25 Donar,-660.25,10.0
1923-11-25 VIOS (Bo),-284.0,10.0
1923-11-25 Vooruitgang,105.0,10.0
1923-11-25 Wilhelmina,-60.75,10.0
1923-11-25 Zwaluw,637.0,10.0
1923-12-16 Keppel,-324.25,10.0
1923-12-16 SIL,-436.75,10.0
1924-01-27 Achilles (Am),-81.0,10.0
1924-04-27 UDI (W),-19.0,10.0
1924-04-27 Volharding (H),-218.5,10.0
1924-05-04 VZK,-260.0,10.0
1924-05-25 Friso (A),193.5,10.0
1924-06-01 GKC (Go),-125.5,10.0
1924-09-14 Ready (R),-309.25,10.0
1924-09-21 Fazanten,-50.75,10.0
1924-09-21 Hinde,-59.0,10.0
1924-09-21 VIOS (Bu),513.5,10.0
1924-10-05 Bilthoven,46.75,10.0
1924-10-05 DIO,31.25,10.0
1924-10-05 Quick (U),291.5,10.0
1924-10-12 De Tovers,67.0,10.0
1924-10-12 Gelre,-86.0,10.0
1924-10-12 ODO,-438.0,10.0
1924-10-12 RAP,115.0,10.0
1924-10-12 TOP (R),379.75,10.0
1924-10-19 Actief,31.25,10.0
1924-10-19 EBKC,322.5,10.0
1924-10-19 RCU,-540.5,10.0
1924-10-19 SAMOS,-146.75,10.0
1924-10-26 MAAS,-102.0,10.0
1924-11-02 TDW,507.5,10.0
1924-11-16 EKC,-123.75,10.0
1924-11-16 OKC,150.75,10.0
1924-12-07 DES (V),-387.0,10.0
1924-12-07 DOTO,20.0,10.0
1924-12-07 SGOC,-335.0,10.0
1924-12-07 WKC,119.75,10.0
1925-01-04 HERO,-118.5,10.0
1925-01-04 Progress,32.25,10.0
1925-01-18 Phoenix,-171.5,10.0
1925-01-25 Ons Buiten,-119.5,10.0
1925-01-25 Zwaluwen (R),375.5,10.0
1925-02-01 Ready (W),264.0,10.0
1925-03-22 Juliana,290.0,10.0
1925-03-22 TOG (V),-135.0,10.0
1925-03-29 Wit Zwart,52.25,10.0
1925-04-05 Ready (M),-870.0,10.0
1925-04-05 Teutonia,500.0,10.0
1925-05-17 BLEI,-8.0,10.0
1925-05-17 Juliana (S),-685.75,10.0
1925-05-17 ODI,-61.5,10.0
1925-05-17 Zwaluwen (BoZ),-71.25,10.0
1925-05-17 Zwaluwen (LZ),-47.0,10.0
1925-05-31 Zwanenberg,-449.75,10.0
1925-06-14 Leeuwarden,87.0,10.0
1925-06-14 Nieuwe Kracht,-276.75,10.0
1925-06-21 Kinea (K),-25.25,10.0
1925-06-28 VIOS (Ni),309.0,10.0
1925-09-13 Dubbel Zes,-217.0,10.0
1925-09-27 Nieuwendam,-599.75,10.0
1925-10-04 Quick (D),-163.75,10.0
1925-10-25 Robur,-488.5,10.0
1925-10-25 Zwaluw,-97.0,10.0
1925-11-01 ODO,331.5,10.0
1925-11-22 DVG,-52.0,10.0
1925-11-22 Olympiaan,-123.25,10.0
1925-11-22 Osno,-126.0,10.0
1925-11-22 Rozenkwartier,271.5,10.0
1926-01-31 Kadimah,-240.0,10.0
1926-01-31 Rapid (Ap),-427.75,10.0
1926-01-31 Zuiderkwartier²,201.5,10.0
1926-04-25 Bakkeveen,-176.5,10.0
1926-04-25 SVN,40.5,10.0
1926-06-06 KKC,-362.5,10.0
1926-07-25 Voltas,290.0,10.0
1926-08-01 Wez Handich,-176.0,10.0
1926-08-01 Wit Zwart (L),-139.0,10.0
1926-08-22 LOV,236.0,10.0
1926-08-22 VIOS (M),-65.5,10.0
1926-09-26 Baerne,157.5,10.0
1926-09-26 Rood Wit,79.0,10.0
1926-09-26 SDL,4.0,10.0
1926-09-26 Spangen,206.25,10.0
1926-09-26 Sparta (B),-600.0,10.0
1926-10-03 Samen Een,-194.0,10.0
1926-10-03 Sparta (A),61.0,10.0
1926-10-17 KVTO,-184.5,10.0
1926-10-17 Korfeam,28.0,10.0
1926-10-24 Eskavee,-37.75,10.0
1926-12-05 SSS (T),-239.5,10.0
1926-12-12 Amsterdam Zuid,87.0,10.0
1926-12-12 Stormvogels,-348.75,10.0
1926-12-12 Wilskracht,145.0,10.0
1926-12-19 SVB,-80.0,10.0
1927-01-23 Fortuna,-32.25,10.0
1927-01-30 Fraternitas,175.75,10.0
1927-02-06 Rohda (R),-564.0,10.0
1927-02-06 Smos,-129.75,10.0
1927-02-13 District V,130.0,10.0
1927-03-13 Sport Vereent,7.0,10.0
1927-03-13 Ulyssus,-328.75,10.0
1927-03-13 Zilvermeeuwen,-35.25,10.0
1927-05-01 Wez Fluch,123.5,10.0
1927-05-22 Olympia (K),-131.75,10.0
1927-07-17 TOP (Vl),-28.75,10.0
1927-07-31 Seolto (T),122.5,10.0
1927-07-31 TSC,-219.0,10.0
1927-08-21 Laaresch,-5.75,10.0
1927-08-21 MKC (Markelo),-132.75,10.0
1927-08-21 Ons Clubje,758.25,10.0
1927-09-18 Excelsior (K),-558.25,10.0
1927-09-18 VOP,31.5,10.0
1927-09-25 Kweekschool,-244.0,10.0
1927-10-02 Spodato,-12.5,10.0
1927-10-02 Zwanenberg,-58.5,10.0
1927-11-13 Wees Kwiek,1.25,10.0
1927-11-20 SDO (K),-129.25,10.0
1927-12-04 SMN,-130.75,10.0
1927-12-11 Sperwers,109.25,10.0
1927-12-11 Ter Gouw,12.0,10.0
1928-01-15 EMM,-124.25,10.0
1928-01-15 Olympia '22,-207.5,10.0
1928-01-22 BKC,-48.25,10.0
1928-03-04 Meeuwen,-66.5,10.0
1928-04-08 Rust Roest (Z),-100.0,10.0
1928-04-22 Rigtersbleek,281.5,10.0
1928-04-29 Ona (R),-313.5,10.0
1928-06-24 HDS (O),218.5,10.0
1928-06-24 Moedig Voorwaarts,157.0,10.0
1928-06-24 VIOS (D),-151.0,10.0
1928-06-24 VIOS (Gi),-138.0,10.0
1928-08-26 BKC (Be),310.5,10.0
1928-08-26 DDK (A),115.5,10.0
1928-08-26 Driemaal Vier,-147.0,10.0
1928-08-26 KIA,-15.0,10.0
1928-08-26 ODI (W),-350.0,10.0
1928-08-26 Sparta (H),-157.0,10.0
1928-09-09 Oosten,-156.5,10.0
1928-09-09 Rapid (A),-6.0,10.0
1928-09-09 Vesta,133.0,10.0
1928-09-16 Wester,425.0,10.0
1928-09-23 De Kweek,-31.5,10.0
1928-09-30 GKC,-273.25,10.0
1928-09-30 Oranje Zwart,-370.75,10.0
1928-09-30 Sprotje,-222.0,10.0
1928-09-30 Swift (W),209.5,10.0
1928-09-30 WKC (Wi),-107.25,10.0
1928-10-14 EGC,-61.5,10.0
1928-10-14 Princes Juliana,-39.75,10.0
1928-10-14 Wilskracht (B),-270.25,10.0
1928-10-21 Korf,-164.0,10.0
1928-11-04 Algemeene,-85.75,10.0
1928-11-11 TCNH,-276.0,10.0
1928-12-09 Blauw Wit (K),668.75,10.0
1928-12-16 Moordrecht,158.0,10.0
1928-12-16 UDI (NK),-342.0,10.0
1929-05-05 Excelsior (Z),-66.5,10.0
1929-05-05 Volt,361.0,10.0
1929-05-12 KDO (W),-503.75,10.0
1929-05-12 Olympia (Z),-187.0,10.0
1929-05-12 SSS (H),-32.5,10.0
1929-05-12 Sparta (W),110.75,10.0
1929-05-12 TDK,-503.25,10.0
1929-06-02 NSF,534.0,10.0
1929-06-09 Mei Elkoar,-225.25,10.0
1929-06-09 Tekace,-242.0,10.0
1929-06-23 NEO,174.25,10.0
1929-06-23 Quick (T),50.0,10.0
1929-07-21 Roda (B),72.0,10.0
1929-07-21 Zwaluwen (E),-190.25,10.0
1929-09-22 TOP (Hg),179.0,10.0
1929-10-06 Animo,-67.5,10.0
1929-10-13 Fortuna (A),-40.25,10.0
1929-10-13 ODIO,67.0,10.0
1929-10-20 OJD,-51.0,10.0
1929-10-20 Voordaan,-100.0,10.0
1929-11-03 DSV,97.0,10.0
1929-11-03 KIOL,81.5,10.0
1929-11-03 Olympia (A),140.0,10.0
1929-11-03 Te Werve,522.25,10.0
1929-11-10 Kraaien,125.25,10.0
1929-11-10 Regenboog,323.25,10.0
1929-11-10 Thor (M),161.25,10.0
1929-11-17 KIOL (Z),96.0,10.0
1930-01-05 Zwaluwen (He),114.0,10.0
1930-01-19 LUTO (U),-135.5,10.0
1930-01-19 Nieuwe Tonge,117.5,10.0
1930-01-19 OGKV,-600.0,10.0
1930-01-26 SDL (E),-38.5,10.0
1930-02-23 Insulinde,180.0,10.0
1930-02-23 Quick (Z),92.25,10.0
1930-02-23 Sloterdijk,-64.0,10.0
1930-03-09 DOS (N),-154.0,10.0
1930-03-23 Hermes (G),120.25,10.0
1930-03-23 UNI (S),-82.0,10.0
1930-03-23 Wartburgia,-357.5,10.0
1930-03-30 Noordster,-406.0,10.0
1930-04-13 EMO,-64.5,10.0
1930-04-20 DOS (D),-99.75,10.0
1930-04-20 Renesse Vooruit,-237.5,10.0
1930-05-04 Annen,49.5,10.0
1930-05-04 Dowocs,-32.25,10.0
1930-05-04 Swastika,-57.75,10.0
1930-05-04 TOP (As),-41.0,10.0
1930-05-18 KLM,-35.0,10.0
1930-05-25 Dio,-48.5,10.0
1930-06-01 Oosten (R),-155.25,10.0
1930-06-08 Quick (V),159.75,10.0
1930-07-05 Advendo (O),-312.25,10.0
1930-07-05 Korva,223.0,10.0
1930-07-05 OKC (Ou),-4.0,10.0
1930-07-05 VIOS (H),-82.0,10.0
1930-07-05 Weest Kwiek,-17.25,10.0
1930-07-06 BKC (Br),26.5,10.0
1930-07-08 Zuidland,90.5,10.0
1930-07-13 Frisia (Dr),113.5,10.0
1930-09-04 DIOS,136.0,10.0
1930-09-07 BVK,516.25,10.0
1930-09-11 Ados²,34.75,10.0
1930-09-14 Krachtsport,-847.5,10.0
1930-09-21 Roda (H),203.75,10.0
1930-09-21 VDL,-175.5,10.0
1930-09-28 SOS (A),-328.0,10.0
1930-10-12 Fortuna (R),-99.25,10.0
1930-10-12 HDS,-167.0,10.0
1930-10-12 Vogel,357.0,10.0
1930-10-19 CKWO,-210.75,10.0
1930-10-19 Desto,-635.75,10.0
1930-10-19 Odis (A),176.0,10.0
1930-10-19 Zeevaartschool,250.75,10.0
1930-10-26 KEV,142.25,10.0
1931-03-29 Ervea,-71.25,10.0
1931-04-12 Blauw Wit (B),-379.75,10.0
1931-05-03 Blauw Wit (H),64.25,10.0
1931-05-10 Advendo (P),471.0,10.0
1931-05-10 DOS (U),-405.25,10.0
1931-05-10 De Musschen,-462.5,10.0
1931-05-10 FSC,-403.0,10.0
1931-05-10 HMS (D),-156.0,10.0
1931-05-10 Rasch,-88.25,10.0
1931-05-31 VKC (S),38.0,10.0
1931-06-07 Be Quick (O),-571.5,10.0
1931-07-26 Rapide (B),273.5,10.0
1931-09-20 Quick (E),-37.25,10.0
1931-09-27 Groen Geel,-35.25,10.0
1931-10-11 UVO,-41.0,10.0
1931-10-18 Palvu (H),183.5,10.0
1931-11-01 's Gravenhage,4.0,10.0
1932-02-21 Kennemers,-111.5,10.0
1932-03-27 VIOD (G),165.5,10.0
1932-04-17 GESH (A),55.5,10.0
1932-06-05 DSS,-169.5,10.0
1932-06-05 OKC (Oost),-134.0,10.0
1932-06-05 UDI (Se),358.0,10.0
1932-06-19 JMM,4.0,10.0
1932-06-19 ZKV (Zz),-96.5,10.0
1932-07-10 Advendo (N),-35.25,10.0
1932-07-10 Bildtkers,-48.75,10.0
1932-07-10 TDK (B),-189.25,10.0
1932-08-21 ADO (A),-98.75,10.0
1932-09-18 DOT (O),-187.5,10.0
1932-09-18 VIVA,174.25,10.0
1932-09-25 Advendo (V),-76.0,10.0
1932-09-25 Breda,-386.5,10.0
1932-09-25 Ons Huis (R),-189.0,10.0
1932-09-25 Oosterkwartier (H),-28.0,10.0
1932-09-25 Rapid (B),282.5,10.0
1932-09-25 TOP (U),34.75,10.0
1932-09-25 Zwart Wit (IJ),-274.0,10.0
1932-10-02 ADO (B),-176.5,10.0
1932-10-02 Bolnes,163.75,10.0
1932-10-02 Sportlust (U),174.25,10.0
1932-10-02 Stormers,40.25,10.0
1932-10-16 NASB,185.0,10.0
1932-10-23 EKV,-45.0,10.0
1932-10-23 Helmond,24.5,10.0
1932-10-23 Marum,-332.75,10.0
1932-10-23 Rust Roest (E),-134.25,10.0
1932-10-30 Ons Ploegje,-88.0,10.0
1932-10-30 Oriento,169.5,10.0
1932-11-06 Amicitia (B),-663.75,10.0
1932-11-06 ECJC,426.25,10.0
1932-11-20 Algemene (H),-134.25,10.0
1932-11-20 Klimop,-34.5,10.0
1932-12-04 VVGA,382.5,10.0
1932-12-26 ADO (M),-51.5,10.0
1932-12-26 GSV,-77.5,10.0
1933-01-15 PM,-62.5,10.0
1933-01-15 Steeds Hooger,34.75,10.0
1933-02-26 Bredania,-133.5,10.0
1933-03-05 Oosten²,-254.0,10.0
1933-03-26 Rohda (H),-205.75,10.0
1933-03-26 VIOS (Kr),-49.0,10.0
1933-04-02 MVU,-246.5,10.0
1933-04-02 Rivas,311.0,10.0
1933-04-02 SDW,-186.75,10.0
1933-04-02 SSS (E),54.5,10.0
1933-04-09 Madjoe (V),-21.25,10.0
1933-04-09 Sportief (M),-199.0,10.0
1933-04-09 VEMO (T),34.25,10.0
1933-04-16 Velox (D),-32.5,10.0
1933-04-23 Excelsior (O),-221.0,10.0
1933-04-23 GKC²,177.5,10.0
1933-04-23 OKO,-341.0,10.0
1933-04-23 Steeds Hooger (S),-117.0,10.0
1933-04-23 Thor (D),-56.5,10.0
1933-04-30 DDK,-266.0,10.0
1933-04-30 DWS,-135.0,10.0
1933-04-30 Germanicus,-312.75,10.0
1933-04-30 Vidar,107.0,10.0
1933-04-30 WIK '34,-122.25,10.0
1933-05-14 DVV,772.75,10.0
1933-05-21 DES (P),58.5,10.0
1933-05-21 Sintpier,-182.25,10.0
1933-05-28 Spido,-111.0,10.0
1933-06-04 EWW,-46.25,10.0
1933-06-18 Volharding (B),-119.75,10.0
1933-06-25 Altius,40.25,10.0
1933-07-16 SSS (C),-147.0,10.0
1933-07-30 VIOS (Wo),34.0,10.0
1933-09-03 OKC (A),-57.5,10.0
1933-09-03 Zuiderkwartier³,128.0,10.0
1933-09-10 Indo,-871.5,10.0
1933-09-10 Treffers,81.75,10.0
1933-09-24 Vitesse (D),2.5,10.0
1933-10-01 DVS (U),118.0,10.0
1933-10-01 Dalto,-279.0,10.0
1933-10-01 Hillegersberg,-92.25,10.0
1933-10-01 Oost Arnhem,-163.0,10.0
1933-10-01 Redichem,-135.5,10.0
1933-10-01 TOP (D),-283.5,10.0
1933-10-01 Union,-351.75,10.0
1933-10-01 VDS,39.25,10.0
1933-10-08 Dedemsvaart,-43.5,10.0
1933-10-08 PZEM,142.0,10.0
1933-10-08 SIOS (A),-202.5,10.0
1933-10-15 Swift (E),244.5,10.0
1933-10-15 VOG,56.75,10.0
1933-10-22 DKAV,408.0,10.0
1933-10-22 HBS (M),404.25,10.0
1933-10-29 Kameraadschap,-21.75,10.0
1933-10-29 Rijssen Vooruit,-252.75,10.0
1933-11-05 Be Fair,-341.25,10.0
1933-11-05 DION,41.0,10.0
1933-11-19 ENCK,-324.0,10.0
1933-11-26 Maccabi,-83.0,10.0
1933-12-03 Grasshoppers,-867.0,10.0
1933-12-31 NASB (B),-221.5,10.0
1933-12-31 Rood Wit (T),-38.75,10.0
1934-01-21 Avance,-263.75,10.0
1934-01-21 OEC,43.5,10.0
1934-01-21 SVA,-49.5,10.0
1934-01-21 Sport Vereent (W),-307.0,10.0
1934-02-18 KKK,-1018.0,10.0
1934-04-08 Quick (Ad),-270.0,10.0
1934-04-15 TOGO (J),123.0,10.0
1934-04-22 SBO (K),55.5,10.0
1934-04-22 Wez Dapper,17.25,10.0
1934-05-06 Surhuisterveen,-43.0,10.0
1934-05-13 SSS (O),-124.5,10.0
1934-06-17 TOP (P),13.5,10.0
1934-06-24 TOGO (G),321.25,10.0
1934-07-01 Emos,-241.25,10.0
1934-08-05 DOS (Ka),216.0,10.0
1934-08-19 VIOS (G),-34.5,10.0
1934-08-26 't Overschotje (Z),-335.0,10.0
1934-09-16 Club Brothers,123.0,10.0
1934-09-16 District V,-194.0,10.0
1934-09-23 DKC (Do),-476.0,10.0
1934-09-23 SKC,34.25,10.0
1934-09-23 VIOS (Oss),134.5,10.0
1934-09-30 Genemuiden,34.25,10.0
1934-09-30 Hekkensluiters,-313.5,10.0
1934-10-07 Vlug en Lenig,-65.5,10.0
1934-10-14 Lenig en Flink,-148.0,10.0
1934-10-21 Algemene,-93.0,10.0
1934-10-21 Odilo,70.0,10.0
1934-10-21 Vicus Orientis,113.5,10.0
1934-10-21 Vreeland,-10.0,10.0
1934-11-04 OBZB,68.5,10.0
1934-11-11 Leusderkwartier,-147.0,10.0
1934-11-11 Noorderkwartier,-98.25,10.0
1934-11-18 Stormers (HvH),-139.5,10.0
1934-12-16 SKV (U),159.0,10.0
1934-12-30 Linnaeus,-133.5,10.0
1934-12-30 RSV,-878.75,10.0
1934-12-30 SDO (D),-456.25,10.0
1934-12-30 Watersnippen,-888.75,10.0
1935-03-10 Voorwaarts (B),-59.5,10.0
1935-04-14 SDO (S),366.25,10.0
1935-04-14 SOS (U),-82.5,10.0
1935-04-14 VOG (G),68.5,10.0
1935-04-28 HMS,33.25,10.0
1935-05-05 HKC (Hrb),-296.0,10.0
1935-05-05 Kwiek (A),-141.0,10.0
1935-06-02 CDT,-600.0,10.0
1935-06-02 Noord Oosten,427.5,10.0
1935-06-02 Steeds Voorwaarts,-409.25,10.0
1935-06-02 TOP (ND),33.25,10.0
1935-06-09 Gruno,352.25,10.0
1935-09-22 Watervliet,-121.75,10.0
1935-10-13 Deto,69.0,10.0
1935-10-13 Nationale,-401.75,10.0
1935-10-20 Soesterkwartier,-117.25,10.0
1935-10-20 WION,483.5,10.0
1935-11-03 SOS,-32.75,10.0
1935-11-10 BCSV,-481.0,10.0
1935-11-10 BKC (Bru),-288.0,10.0
1935-11-10 Blauw Zwart,14.0,10.0
1936-01-05 Hou Stand (H),-439.5,10.0
1936-01-05 Swift (Gl),-50.25,10.0
1936-01-05 Wilhelmina,-376.25,10.0
1936-01-12 CWP,-90.0,10.0
1936-01-12 Ornas,-510.0,10.0
1936-01-26 Hou Stand,442.25,10.0
1936-02-23 Morskwartier,-186.0,10.0
1936-02-23 Zuiderkwartier (L),34.25,10.0
1936-03-22 SIOL,79.25,10.0
1936-04-26 Gees,-296.25,10.0
1936-05-24 HKC (Ho),-250.0,10.0
1936-09-13 Elto,-202.25,10.0
1936-09-20 Nieuw Flora,-37.5,10.0
1936-09-27 JPS,156.0,10.0
1936-10-04 Barendrecht,292.75,10.0
1936-10-04 Rapid (G),-23.0,10.0
1936-10-18 Blauwwitters,565.5,10.0
1936-10-18 Rhenen,-270.0,10.0
1936-11-08 Mulo,-153.5,10.0
1936-11-08 TOP (W),-128.0,10.0
1936-11-15 Palvu,203.0,10.0
1936-11-22 KVK (E),-395.75,10.0
1936-11-29 Blauw Rood,203.25,10.0
1936-11-29 DVO (M),-600.0,10.0
1937-01-24 Concordia (Zkb),-313.25,10.0
1937-04-04 Blauw Wit (OP),-226.0,10.0
1937-04-25 Oosterstreek,-224.5,10.0
1937-04-25 Sportclub,-106.25,10.0
1937-05-02 NASB (D),-316.75,10.0
1937-05-23 Gronitas,-302.25,10.0
1937-05-30 Zaandam Zuid,-218.0,10.0
1937-09-12 Zwervers,141.0,10.0
1937-09-19 Excelsior (W),-201.0,10.0
1937-09-19 SKV,-170.75,10.0
1937-09-26 DOS Kampen,202.0,10.0
1937-10-03 OKC (O),-47.75,10.0
1937-10-03 Shell,77.25,10.0
1937-10-03 Succes,-50.5,10.0
1937-10-10 KCO,39.0,10.0
1937-10-10 Landlust,81.5,10.0
1937-10-17 De Meervogels (A),414.0,10.0
1937-10-24 HKC (DH),204.0,10.0
1937-10-31 KVDH,-282.0,10.0
1937-10-31 Lodek,-295.75,10.0
1937-10-31 OKV,66.0,10.0
1938-01-09 Domburg,-317.0,10.0
1938-01-09 Edo,-136.5,10.0
1938-01-23 Red Star,-593.75,10.0
1938-01-23 VIOS (A),-918.5,10.0
1938-03-27 VVO,-958.75,10.0
1938-04-03 VKV (Ve),-83.0,10.0
1938-04-10 Aurora,32.75,10.0
1938-04-10 Oosterpoort,125.75,10.0
1938-04-24 LDO,84.0,10.0
1938-05-08 Rading,800.0,10.0
1938-05-15 Meeuwen (L),-259.0,10.0
1938-05-15 Wardy,32.25,10.0
1938-05-22 Nocht en Wille,56.75,10.0
1938-05-29 Westhoek,-593.5,10.0
1938-06-05 Animo (S),299.0,10.0
1938-06-26 Beatrix,-165.75,10.0
1938-06-26 Blauw Wit (R),-329.25,10.0
1938-06-26 FSV,-136.5,10.0
1938-06-26 TKV (Th),-588.5,10.0
1938-07-03 Makkum,219.0,10.0
1938-07-03 Roda (K),-230.0,10.0
1938-07-24 KIK,32.75,10.0
1938-10-02 Amsterdam Noord,-224.25,10.0
1938-11-13 Starveld,-258.0,10.0
1938-11-27 Holland,117.25,10.0
1938-11-27 NKC,-69.25,10.0
1939-03-19 Pechvogels,-745.0,10.0
1939-04-02 Dubbel Zes (V),-283.0,10.0
1939-04-09 AKV (OP),-33.75,10.0
1939-04-09 BKC (Bo),-78.75,10.0
1939-04-09 DES (S),183.0,10.0
1939-05-21 VZOD (W),211.0,10.0
1939-10-01 KVW,27.5,10.0
1939-10-01 Palthe,34.5,10.0
1939-10-01 Smilde,-409.25,10.0
1940-05-05 ODK (W),-48.5,10.0
1940-07-14 Blauw Wit (Bu),47.0,10.0
1940-08-18 VIOS (K),169.75,10.0
1940-09-29 MEO,241.75,10.0
1940-09-29 OKK,63.0,10.0
1940-10-06 Dowocs (H),-259.0,10.0
1940-10-20 KCV,-406.75,10.0
1940-12-08 TOP (V),-73.0,10.0
1941-04-06 Seolto (H),109.5,10.0
1941-04-13 Achilles (B),73.5,10.0
1941-04-13 Oosterpark (G),35.25,10.0
1941-04-13 Vitesse (W),346.75,10.0
1941-04-27 De Hoeve,-31.75,10.0
1941-05-11 ADO (H),-110.0,10.0
1941-05-11 Lyts Bigjin,-275.5,10.0
1941-05-25 DSV (R),-208.75,10.0
1941-05-25 Jong Leven (L),-161.0,10.0
1941-05-25 Olympus,-208.75,10.0
1941-05-25 SVW,-48.5,10.0
1941-06-08 Velocitas (Se),-106.75,10.0
1941-06-22 Luctor,215.5,10.0
1941-06-29 Korulos,432.25,10.0
1941-06-29 VSV,-365.0,10.0
1941-06-29 ZKC (Zh),-333.75,10.0
1941-07-20 Vitesse (Z),-10.0,10.0
1941-08-17 Unitas (K),-17.25,10.0
1941-08-31 SDO (Ka),-36.0,10.0
1941-09-14 Kameo,120.0,10.0
1941-09-14 Levu,119.75,10.0
1941-09-14 RDZ,-350.5,10.0
1941-09-14 Terre Neuve,-546.75,10.0
1941-10-05 ADE,205.0,10.0
1941-10-05 DVO (V),16.25,10.0
1941-10-05 Micrometers,-131.0,10.0
1941-10-05 Stormvogels (H),103.75,10.0
1941-10-05 Zwaluwen (Ze),-469.0,10.0
1941-10-19 Kievit,-35.5,10.0
1941-11-30 TOP (A),-449.25,10.0
1941-11-30 WZM,162.75,10.0
1941-12-14 Oldenzaal,86.0,10.0
1942-03-29 De Zeeuwen,-35.0,10.0
1942-04-05 DKC (Di),-206.25,10.0
1942-04-05 West End,-178.25,10.0
1942-04-12 GVS,224.0,10.0
1942-04-26 Be Quick (K),-16.25,10.0
1942-04-26 ONDA,-406.75,10.0
1942-04-26 Olympia (W),119.25,10.0
1942-05-03 BKC (Ba),-229.0,10.0
1942-05-03 Blauw Geel (J),-289.5,10.0
1942-05-03 EKC (Fri),-133.75,10.0
1942-05-03 OKC (Fri),42.5,10.0
1942-05-03 Samenspel,-69.75,10.0
1942-05-03 Tjoba,-103.75,10.0
1942-05-10 MKC (Man),-27.25,10.0
1942-05-17 WKC (Wlp),328.0,10.0
1942-05-24 KVC,-61.0,10.0
1942-05-24 Zuidzande,-447.25,10.0
1942-05-31 Actief,172.5,10.0
1942-07-05 POLO,-63.25,10.0
1942-07-12 WIK (K),-228.0,10.0
1942-07-12 ZEVA,142.5,10.0
1942-08-23 Eendracht (WB),-133.25,10.0
1942-08-23 Willemstad,-224.75,10.0
1942-08-30 ZKC (Zkb),-260.0,10.0
1942-09-06 DOSKO (N),-163.75,10.0
1942-09-06 Stormvogels (E),-50.25,10.0
1942-09-06 WHS,-180.25,10.0
1942-09-13 Oosthoek,-38.0,10.0
1942-09-20 Amicitia (V),-125.5,10.0
1942-09-20 KVH,21.75,10.0
1942-09-20 LEB,-600.0,10.0
1942-09-20 Picus,-201.0,10.0
1942-09-20 RSV,35.25,10.0
1942-09-20 SVO,-7.25,10.0
1942-09-20 Stanfries (A),-49.5,10.0
1942-09-27 Hillesluis,-35.0,10.0
1942-09-27 KCT,-266.5,10.0
1942-09-27 SVC,-219.75,10.0
1942-11-15 HKV (Gro),-600.0,10.0
1942-11-15 OWB,120.0,10.0
1942-11-15 TKV,0.0,10.0
1943-03-21 SVS (Zkb),133.25,10.0
1943-04-04 DIOS (Dr),-48.25,10.0
1943-04-04 DWS,-35.5,10.0
1943-04-04 De Poel,-191.0,10.0
1943-04-04 SIW,-159.0,10.0
1943-04-04 SVH,292.75,10.0
1943-04-04 SVK (Ka),-339.0,10.0
1943-04-11 Animo (W),11.0,10.0
1943-04-11 DOS (N),-205.0,10.0
1943-04-11 Dio (H),-128.0,10.0
1943-04-11 Rawi,-207.0,10.0
1943-04-25 Thos,35.5,10.0
1943-05-30 HDW,-55.75,10.0
1943-05-30 Leonidas,-14.0,10.0
1943-05-30 Vitesse (O),-600.0,10.0
1943-05-30 Wez Wis,414.0,10.0
1943-05-30 Wirdum,185.5,10.0
1943-06-13 JVO,-239.0,10.0
1943-06-13 Westen (L),475.75,10.0
1943-06-27 IVO,407.75,10.0
1943-09-05 Smerdiek,363.25,10.0
1943-09-05 USV,19.5,10.0
1943-09-19 DSKV,154.75,10.0
1943-09-19 Golva,384.5,10.0
1943-09-26 SVD,-36.0,10.0
1943-10-03 Actief (R),160.5,10.0
1943-10-03 DOT (B),261.5,10.0
1943-10-17 Slikkerveer,800.0,10.0
1944-04-02 Excelsior (N),35.25,10.0
1944-04-02 VOPO,-248.0,10.0
1944-04-09 DEO,-475.0,10.0
1944-04-09 KVO (Gr),25.0,10.0
1944-04-23 Vlugheid & Kracht,-67.25,10.0
1944-04-30 Olympia (T),141.5,10.0
1944-04-30 Rengerspark,-666.0,10.0
1944-04-30 Victorie,-152.0,10.0
1944-05-07 DTS (S),119.75,10.0
1944-05-07 Dow,-223.0,10.0
1944-05-07 NKC (Ni),156.5,10.0
1944-05-07 Steeds Vooruit,14.0,10.0
1944-05-07 TFS (H),165.25,10.0
1944-06-04 HVW,-255.75,10.0
1945-05-27 ELTO (B),37.5,10.0
1945-06-03 Sinoto,-151.25,10.0
1945-11-11 Actief (V),-199.5,10.0
1945-11-11 Be Quick,314.0,10.0
1945-11-11 Den Ham,104.5,10.0
1945-11-11 Fluks (R),389.0,10.0
1945-11-11 KIOS '45,-229.0,10.0
1945-11-11 Kwiek,-510.5,10.0
1945-11-11 OSV,174.75,10.0
1945-11-11 Quick (O),311.5,10.0
1945-11-11 Sportief (Z),59.75,10.0
1945-12-02 ZKC '31,-127.0,10.0
1945-12-30 Maasvogels,35.75,10.0
1946-04-07 Veroda,60.0,10.0
1946-05-12 SCO,-61.25,10.0
1946-05-12 SIOS (W),120.0,10.0
1946-05-19 Trynwalden,-185.5,10.0
1946-06-02 De Pein,-75.25,10.0
1946-06-02 Fortuna (Zkb),147.5,10.0
1946-06-02 Groede,-352.0,10.0
1946-06-02 TOS (B),-311.25,10.0
1946-06-02 TOS (U),54.25,10.0
1946-06-23 Bliuw Warber,294.5,10.0
1946-06-23 Paesens,-72.5,10.0
1946-06-23 TDK (M),-527.75,10.0
1946-06-30 SSS (Si),-137.25,10.0
1946-06-30 Scampolo,-238.5,10.0
1946-08-18 CSC,-61.0,10.0
1946-08-18 MSV,94.75,10.0
1946-08-18 UTIJ,-132.75,10.0
1946-09-15 Centrum,99.75,10.0
1946-09-15 DSG,120.25,10.0
1946-09-15 Gramsbergen,-45.5,10.0
1946-09-15 HSV (H),-216.75,10.0
1946-09-15 SDO (W),-180.5,10.0
1946-09-15 UNI (K),-178.0,10.0
1946-10-06 Giraffes,138.25,10.0
1946-10-06 Tovos,-151.75,10.0
1946-10-13 ODS (Zkb),-221.0,10.0
1946-10-13 VIOD (H),500.0,10.0
1946-10-13 Zwaluwen (Hg),-511.0,10.0
1946-10-20 Volharding (G),-9.75,10.0
1946-10-20 Wapendragers,398.5,10.0
1946-12-01 Rohda (Gkb),-600.0,10.0
1947-04-20 Tjerk Hiddes,-202.5,10.0
1947-04-27 DKC (Dr),-2.0,10.0
1947-04-27 DOS (H),35.5,10.0
1947-04-27 DTD,-328.25,10.0
1947-04-27 Kollum,-220.25,10.0
1947-04-27 MI,65.75,10.0
1947-06-01 SSV,-65.0,10.0
1947-06-01 Vitesse (F),228.5,10.0
1947-06-01 WWIJD,116.0,10.0
1947-06-15 Set Troch,-475.5,10.0
1947-07-06 Altijd Kwiek,-78.25,10.0
1947-07-06 Hercules,-136.75,10.0
1947-07-20 OKK (H),-144.0,10.0
1947-09-21 Eindhoven,213.0,10.0
1947-10-19 MKC²,-130.75,10.0
1947-10-19 ODA,-304.75,10.0
1947-10-19 OWK,-80.0,10.0
1947-10-19 SVV,212.25,10.0
1948-04-04 DSV (B),130.0,10.0
1948-04-04 Overkanters,71.0,10.0
1948-04-11 KWB,-178.0,10.0
1948-04-11 Raven,-13.75,10.0
1948-04-18 Portugaal,133.25,10.0
1948-04-18 SSS (Ol),-604.25,10.0
1948-04-18 Stanfries,1041.75,10.0
1948-04-18 Wez Warber (T),-14.5,10.0
1948-04-25 DTG,-145.0,10.0
1948-04-25 KCJ,-73.75,10.0
1948-04-25 WSV,-274.25,10.0
1948-05-02 Roidy,-58.25,10.0
1948-06-27 Folgeren,-143.0,10.0
1948-06-27 VCJB,-291.75,10.0
1948-08-29 Luxia,201.0,10.0
1948-09-12 Oisterwijk,70.5,10.0
1948-09-19 Unicum,211.75,10.0
1949-03-13 Stormvogels (W),27.0,10.0
1949-03-27 Zonnemaire,-139.5,10.0
1949-04-10 AKC (Ak),-87.0,10.0
1949-04-10 DOS '46,-206.5,10.0
1949-04-24 Augustinusga,-5.0,10.0
1949-04-24 NSL,-6.0,10.0
1949-05-15 MN en W,-61.5,10.0
1949-05-15 Ny Libben,601.0,10.0
1949-05-15 SYF,31.0,10.0
1949-05-15 WIK (SJ),-253.5,10.0
1949-05-22 Coevorden,150.5,10.0
1949-05-22 Elim,74.75,10.0
1949-05-29 Animo (Dkb),-312.75,10.0
1949-05-29 Halen,214.5,10.0
1949-05-29 Volharding (Dkb),-230.25,10.0
1949-06-12 Wilskracht (Eng),-397.5,10.0
1949-08-14 VKV,34.25,10.0
1949-08-28 FDE,-34.25,10.0
1949-09-18 Nevelo,34.25,10.0
1949-09-18 Vrijheid,139.5,10.0
1949-10-30 Epe,-192.0,10.0
1950-01-08 Maurik,-398.0,10.0
1950-03-26 Atlas,-108.5,10.0
1950-04-02 WTEF,75.25,10.0
1950-04-16 ODK,103.0,10.0
1950-04-23 Danaiden,-54.0,10.0
1950-04-23 Us Fortier,-136.0,10.0
1950-05-07 Animo (T),-249.5,10.0
1950-05-07 Hoogersmilde,239.5,10.0
1950-05-14 DSG (L),-124.25,10.0
1950-08-20 Britsum,-87.5,10.0
1950-09-10 Organon,-39.25,10.0
1950-10-08 De Demping,161.0,10.0
1950-10-15 Crescendo,81.5,10.0
1950-10-15 NSA,619.0,10.0
1950-10-29 Roko,-43.0,10.0
1950-11-05 KNS,33.5,10.0
1951-03-04 KVL,305.5,10.0
1951-04-01 ODS (B),298.5,10.0
1951-05-20 Rood Wit (Fkb),194.25,10.0
1951-05-27 Postale (L),-193.25,10.0
1951-05-27 Tietjerk,125.5,10.0
1951-06-10 WKC (Wi),1079.25,10.0
1951-07-01 Hallum,-154.5,10.0
1951-09-16 Alliance,-373.5,10.0
1952-04-20 Blauw Wit (J),35.0,10.0
1952-04-20 WSS,-312.0,10.0
1952-04-27 Emmen,-29.0,10.0
1952-04-27 Zuidwesters,81.0,10.0
1952-05-04 Odival,-299.5,10.0
1952-05-11 NOAD (D),-50.0,10.0
1952-05-11 SOTOZ,-253.5,10.0
1952-05-11 VDW,594.25,10.0
1952-05-18 Olympia (Bo),-291.0,10.0
1952-06-08 Harkieten,165.0,10.0
1952-07-06 K en V,-938.75,10.0
1952-09-14 Blauw Wit '51,-52.5,10.0
1952-09-14 Charlois,126.5,10.0
1952-09-14 Drogeham,-115.25,10.0
1952-09-14 Eureka,193.5,10.0
1952-09-21 Austerlitz,20.0,10.0
1952-09-21 DOSC,35.5,10.0
1952-09-21 Doorn,2.5,10.0
1952-09-21 Huizen,112.25,10.0
1952-09-21 Kwiek (H),-115.0,10.0
1952-09-21 SVMM,-197.5,10.0
1952-09-21 Sparta (N),299.75,10.0
1952-09-28 Be Quick (Z),62.25,10.0
1952-09-28 Emmeloord,-91.0,10.0
1952-09-28 Sparta (Zw),12.5,10.0
1952-09-28 Thob,-108.0,10.0
1952-09-28 WWNA,346.0,10.0
1952-11-09 Ens,-248.5,10.0
1952-11-09 HJA,-131.75,10.0
1952-11-09 Marknesse,-253.0,10.0
1953-01-25 SSVU,505.25,10.0
1953-02-22 Pams,72.0,10.0
1953-03-08 't Harde,10.25,10.0
1953-05-03 KVS (So),-51.0,10.0
1953-05-17 Aldega,-59.5,10.0
1953-06-07 Klimop (Gr),-301.25,10.0
1953-06-07 Volo,119.25,10.0
1953-07-19 Philips,346.75,10.0
1953-09-20 Hespa,347.25,10.0
1953-09-20 KCR (Ro),-220.5,10.0
1953-09-20 NKC '51,-123.0,10.0
1953-09-20 PKC (Po),-477.0,10.0
1953-10-25 Wittenburg,522.5,10.0
1953-11-08 BIKO,153.25,10.0
1953-11-08 DVV (H),-80.0,10.0
1953-11-08 Filos,-80.75,10.0
1953-12-06 Gibraltar,-350.5,10.0
1954-04-18 Blauw Wit (K),155.75,10.0
1954-06-27 Spannum,-222.25,10.0
1954-09-26 Be Fair (K),-354.25,10.0
1954-09-26 TONEGO,-245.75,10.0
1954-10-03 Bant,161.0,10.0
1954-10-03 Olympia '47,-146.0,10.0
1954-10-17 Ahoy,-54.0,10.0
1954-10-17 KIOD,132.0,10.0
1954-10-17 KVO (S),-35.5,10.0
1955-03-27 Sportlust (N),-88.25,10.0
1955-04-17 UNI (U),35.75,10.0
1955-10-23 OKC (Old),282.0,10.0
1955-10-30 Sirios,-11.0,10.0
1955-11-13 SKF,-64.25,10.0
1956-04-15 AKC '54,137.0,10.0
1956-04-22 Blauw Wit '55,-162.25,10.0
1956-04-29 ONDO (M),239.75,10.0
1956-05-06 Groen Wit (Dre),-385.75,10.0
1956-05-06 WIK (S),70.5,10.0
1956-05-20 VOTO,-117.25,10.0
1956-06-17 Ald Gilles,-38.75,10.0
1956-10-07 DHJ,154.0,10.0
1956-10-14 ODI (G),107.25,10.0
1956-10-14 SVZ,-273.0,10.0
1956-10-14 Stormvogels (G),49.5,10.0
1956-10-28 Houtsnippen,-34.25,10.0
1956-10-28 KVR,-314.0,10.0
1957-04-14 KCS (Sl),-10.75,10.0
1957-05-05 Asko,480.5,10.0
1957-05-05 Fortuna (D),128.25,10.0
1957-05-12 Wez Warber,323.0,10.0
1957-05-19 DES '53,-76.0,10.0
1957-09-22 WBC,-283.0,10.0
1957-10-06 ASV (Aa),-212.0,10.0
1957-10-06 Lutten,-388.0,10.0
1957-10-20 DOP,174.0,10.0
1957-10-20 DVS (R),-269.25,10.0
1957-10-20 HPV,401.5,10.0
1957-10-20 Hoven,79.75,10.0
1957-10-20 Tuindorp,-342.0,10.0
1957-10-27 DSE,-24.0,10.0
1957-10-27 ONI (A),699.75,10.0
1957-10-27 RIO,-37.0,10.0
1957-11-03 BKC,76.25,10.0
1957-12-22 Oranje Wit (D),68.25,10.0
1958-03-23 Shell (DH),-115.0,10.0
1958-05-04 Itens,-52.0,10.0
1958-06-08 EMOS,273.0,10.0
1958-06-15 Spes (E),-37.75,10.0
1958-09-14 SBO,327.0,10.0
1958-09-14 Zunobri²,125.0,10.0
1958-09-21 KVA (Al),-258.25,10.0
1958-11-02 Swift (Gr),924.0,10.0
1959-04-26 It Fean,336.5,10.0
1959-05-10 Marfugels,-65.0,10.0
1959-05-31 Driehoek,196.75,10.0
1959-06-07 SVS,-97.25,10.0
1959-06-14 Zorgvlied,-57.0,10.0
1959-07-05 AVVLO,-62.0,10.0
1959-07-05 Joure,111.0,10.0
1959-09-13 DES (N),50.0,10.0
1959-09-13 DKV (Du),-96.25,10.0
1959-09-20 Eldos,-190.25,10.0
1959-09-20 Tuindorp (H),-441.75,10.0
1959-09-27 Flamingo's (R),212.25,10.0
1959-09-27 Zuiderkwartier (A),530.0,10.0
1960-04-24 Maasglorie,-102.75,10.0
1960-06-19 Harich,-237.5,10.0
1960-06-19 Lauwers,-216.5,10.0
1960-09-25 Asenco,46.5,10.0
1960-09-25 SOS '60,-80.0,10.0
1960-09-25 Vitesse '59,-548.0,10.0
1960-09-25 Zijlkwartier,-52.0,10.0
1960-10-02 Sportief (N),323.75,10.0
1960-10-09 Treffers,-158.5,10.0
1961-01-29 ROG,4.75,10.0
1961-04-23 Zwaagwesteinde,592.5,10.0
1961-06-04 Balkbrug,259.75,10.0
1961-06-04 Ruinen,-317.0,10.0
1961-07-02 Sneek,-289.5,10.0
1961-09-10 Koru,-266.25,10.0
1961-09-17 Flitsers,-390.25,10.0
1961-09-17 Ready '60,-11.75,10.0
1961-10-01 Hoogvliet,683.25,10.0
1961-11-12 NKV (Na),70.25,10.0
1962-04-29 Harkema,-29.5,10.0
1962-04-29 Vefo,-158.5,10.0
1962-05-27 Lege Geaen,249.75,10.0
1962-06-24 Noveas,67.5,10.0
1962-09-16 Ajax (R),-95.0,10.0
1962-09-16 Westen,-505.0,10.0
1962-10-14 Hoogkerk,9.75,10.0
1963-03-24 Schiebroek,77.75,10.0
1963-04-21 De Rietvogels (G),-107.25,10.0
1963-05-12 Flamingo's (B),308.5,10.0
1963-05-19 Invicta,124.25,10.0
1963-06-09 DTD,-156.75,10.0
1963-09-21 SDO (V),38.25,10.0
1963-10-13 DKD,440.5,10.0
1963-10-20 KVN,-326.75,10.0
1963-10-27 Ten Donck,-411.75,10.0
1963-10-27 Vlaardingen,389.5,10.0
1964-04-12 Lintjo,107.25,10.0
1964-04-12 WBY,-219.5,10.0
1964-04-26 Colwidum,177.5,10.0
1964-09-12 Neptunus,-134.0,10.0
1964-09-13 Excelsior '54,-40.5,10.0
1964-09-20 Dosko,-186.5,10.0
1964-09-27 Klimop (A),204.75,10.0
1964-11-01 Valkenisse,-155.75,10.0
1965-04-25 Delta,-51.0,10.0
1965-05-02 WTOC,53.25,10.0
1965-06-27 SVK (K),-222.5,10.0
1965-09-12 DBGC,-130.75,10.0
1965-09-12 Terheijden,79.75,10.0
1965-09-19 Blauwe Treffers,188.0,10.0
1965-10-31 KCS,38.25,10.0
1966-01-16 Good Luck,-233.25,10.0
1966-01-16 SDO (SAJ),-321.25,10.0
1966-03-06 Eurotop,117.0,10.0
1966-03-27 Bergum,889.5,10.0
1966-04-24 NOK,-62.0,10.0
1966-05-08 NIKO,154.75,10.0
1966-05-22 Fit '65,-395.5,10.0
1966-05-22 Vriendenschaar (B),-7.25,10.0
1966-06-12 Lemmer,323.0,10.0
1966-09-11 Hoger Op,-226.5,10.0
1966-09-11 Madjoe,255.5,10.0
1966-09-11 Racing Amsterdam,130.0,10.0
1966-09-11 WWSV,8.25,10.0
1966-09-11 Waterland,62.5,10.0
1966-09-11 Welgelegen,-149.0,10.0
1966-09-18 Diderna,-151.5,10.0
1966-09-18 Eerbeek,121.75,10.0
1966-09-25 Olympus '58,88.25,10.0
1966-11-13 Paasberg,-210.0,10.0
1966-11-13 Swift '66,-248.0,10.0
1966-12-27 Thor (R),450.0,10.0
1967-03-19 Boelenslaan,385.75,10.0
1967-04-02 Brummen,-279.0,10.0
1967-04-02 Terwolde,-116.0,10.0
1967-04-09 Pax,-139.25,10.0
1967-04-23 Wiko,134.75,10.0
1967-05-14 Rapid (D),149.0,10.0
1967-09-03 Ando,-10.75,10.0
1967-09-03 Celeritas (A),170.5,10.0
1967-09-03 Dubbel Zes '66,419.75,10.0
1967-09-03 ELKV,-5.75,10.0
1967-09-03 Rivalen,-238.75,10.0
1967-09-10 ASVD,-82.25,10.0
1967-09-17 Keizer Karel,143.75,10.0
1967-10-08 Rijssen,-204.5,10.0
1967-11-08 MIK,-60.25,10.0
1967-11-16 Badhoevedorp,102.75,10.0
1967-11-16 Wordt Kwiek,-355.5,10.0
1967-12-10 KSW,70.0,10.0
1967-12-10 Vlug en Vaardig (G),330.0,10.0
1968-03-24 VIOS (N),-479.0,10.0
1968-09-01 Juliana,111.75,10.0
1968-09-01 Oranje Nassau (V),79.0,10.0
1968-09-29 Donia,10.75,10.0
1968-09-29 SPO,-44.5,10.0
1968-11-03 VIOS (W),-148.75,10.0
1968-12-01 DTL,-6.25,10.0
1968-12-01 Frigro,-132.0,10.0
1968-12-01 MKF,-314.0,10.0
1968-12-08 CSL,-79.0,10.0
1968-12-08 L en F,-77.0,10.0
1968-12-08 Quick (B),-168.0,10.0
1968-12-08 Rapiditas (L),-187.75,10.0
1969-04-20 Wesselerbrink,137.5,10.0
1969-08-31 Markelo,-183.75,10.0
1969-08-31 Midlandia,-116.75,10.0
1969-09-07 FIT,-161.5,10.0
1969-09-28 DOAC,-206.75,10.0
1969-10-12 Ritola,310.0,10.0
1969-11-23 DIO (R Fri),35.0,10.0
1969-11-30 DTG (O),44.0,10.0
1969-11-30 Diemen,-55.5,10.0
1969-11-30 OSDO,-33.25,10.0
1969-12-07 SIOS '61,343.0,10.0
1969-12-07 Wez Fluch (R),-369.0,10.0
1969-12-14 De Zwerfsteen,238.75,10.0
1969-12-14 Postiljons,-191.0,10.0
1969-12-21 Woldjeprikken,-144.5,10.0
1970-01-04 DKC (Fri),-79.5,10.0
1970-02-08 Amstel,-200.5,10.0
1970-03-01 DKOD,-235.0,10.0
1970-03-01 Pernix,-26.0,10.0
1970-03-01 Zaamslag,-127.0,10.0
1970-05-31 PKC,-108.5,10.0
1970-08-30 ADO,227.75,10.0
1970-08-30 Albatros,107.75,10.0
1970-08-30 Albino's,13.5,10.0
1970-08-30 Avanti (P),-58.75,10.0
1970-08-30 Blauw Wit (Rot),-62.0,10.0
1970-08-30 DES (De),-37.25,10.0
1970-08-30 DKV (IJ),190.0,10.0
1970-08-30 DWA,-243.0,10.0
1970-08-30 Dalto,33.25,10.0
1970-08-30 Excelsior (D),-28.0,10.0
1970-08-30 Fiks,-134.25,10.0
1970-08-30 Fluks (N),38.0,10.0
1970-08-30 GKV (G),118.25,10.0
1970-08-30 Griffioen,-127.0,10.0
1970-08-30 HHV,289.75,10.0
1970-08-30 HKC (Ha),176.5,10.0
1970-08-30 HKC (U),74.25,10.0
1970-08-30 IJsvogels,-58.25,10.0
1970-08-30 Jodan Boys,16.75,10.0
1970-08-30 KIOS (N),182.5,10.0
1970-08-30 KOAG,214.75,10.0
1970-08-30 KVS,317.0,10.0
1970-08-30 Kinderdijk,202.75,10.0
1970-08-30 Kwiek (O),-177.5,10.0
1970-08-30 MIA,25.5,10.0
1970-08-30 Maassluis,-17.0,10.0
1970-08-30 Merwede,-197.5,10.0
1970-08-30 NIO,231.5,10.0
1970-08-30 ODI (S),117.0,10.0
1970-08-30 ODIK,73.25,10.0
1970-08-30 ODS,-96.5,10.0
1970-08-30 ONDO (G),-121.5,10.0
1970-08-30 OVVO,33.25,10.0
1970-08-30 Ons Eiland,-164.0,10.0
1970-08-30 Rotterdam Zuid,24.0,10.0
1970-08-30 SGV,33.0,10.0
1970-08-30 SMS,-187.75,10.0
1970-08-30 SSS,-175.5,10.0
1970-08-30 Sagitta,56.25,10.0
1970-08-30 Snel,-150.5,10.0
1970-08-30 Spirit (Vl),-191.0,10.0
1970-08-30 TOP (Ro),58.0,10.0
1970-08-30 TOP (S),33.0,10.0
1970-08-30 Thor (H),141.25,10.0
1970-08-30 Thrianta,150.25,10.0
1970-08-30 VEO,-227.75,10.0
1970-08-30 Valto,-3.25,10.0
1970-08-30 Velocitas (L),79.0,10.0
1970-08-30 Ves,-353.75,10.0
1970-08-30 Vitesse (Ba),79.75,10.0
1970-08-30 Vlug en Vaardig (A),61.75,10.0
1970-08-30 Vriendenschaar (H),213.0,10.0
1970-08-30 Waterschip,56.75,10.0
1970-09-06 DIO (R),360.5,10.0
1970-09-06 DVO,-7.0,10.0
1970-09-06 De Kapellen,-198.0,10.0
1970-09-06 Elko,126.5,10.0
1970-09-06 Luno,-151.0,10.0
1970-09-06 Meeuwen (P Fri),170.5,10.0
1970-09-06 Nieuwerkerk,145.75,10.0
1970-09-06 ODI (A),-73.75,10.0
1970-09-06 ODO (M),-223.5,10.0
1970-09-06 RWR,69.75,10.0
1970-09-06 Rapid (H),-110.0,10.0
1970-09-06 Rheko,-116.75,10.0
1970-09-06 VIOD,-175.75,10.0
1970-09-06 Warmond,-159.25,10.0
1970-09-06 Weidevogels,147.0,10.0
1970-09-13 Argo,33.0,10.0
1970-09-13 DOS (K),1135.0,10.0
1970-09-13 IJsselvogels,-216.5,10.0
1970-09-13 Reeuwijk,-190.5,10.0
1970-09-13 SDO (Fri),237.25,10.0
1970-09-13 SKV (W),-134.0,10.0
1970-09-13 Sportief (Rot),-148.5,10.0
1970-09-20 SEV (L),47.0,10.0
1970-09-20 Swift (Ede),-13.25,10.0
1970-09-27 DTS (D),71.25,10.0
1970-10-11 ZKV (Zu),-163.5,10.0
1970-10-18 De Meervogels,-111.5,10.0
1970-10-18 SVN,-131.25,10.0
1970-10-25 Ventura Sport,176.25,10.0
1970-11-15 Animo (G),-245.0,10.0
1970-11-29 Dijkvogels,-94.75,10.0
1970-11-29 Fluks (OB),-158.25,10.0
1970-11-29 Hoekse,-144.0,10.0
1970-11-29 Sportlust (L),-139.5,10.0
1970-11-29 Tempo,204.0,10.0
1970-12-06 De Vinken,119.25,10.0
1971-08-29 Arena,-279.75,10.0
1971-09-05 Oude Gracht,117.5,10.0
1971-09-05 SEV (Z),-35.25,10.0
1971-09-05 Stormvogels (U),-159.0,10.0
1971-09-05 VIOS (Nrd),-364.25,10.0
1971-09-12 KIDO '68,486.0,10.0
1971-09-12 Orion,-388.0,10.0
1971-09-19 RKC²,133.0,10.0
1971-09-26 Mariarade,57.25,10.0
1971-10-03 Exakwa,779.75,10.0
1971-10-17 Ede,118.5,10.0
1971-10-17 Trega,-409.5,10.0
1971-11-07 De Issel,-42.0,10.0
1971-11-28 Jong Brabant,217.0,10.0
1971-11-28 Juko,47.75,10.0
1971-11-28 Kanaries,-154.0,10.0
1971-11-28 NKV,-81.5,10.0
1971-11-28 SSS '70,80.25,10.0
1971-11-28 Sirene,-330.5,10.0
1971-11-28 Wandelbos,150.5,10.0
1971-12-12 Oranje Zwart (M),-254.5,10.0
1971-12-19 De Waterpoort,490.75,10.0
1972-09-02 Antilopen,29.25,10.0
1972-09-02 DTS (E),-42.0,10.0
1972-09-03 Phenix '72,220.0,10.0
1972-09-10 Animo (Wo),-335.0,10.0
1972-09-10 De Granaet,165.5,10.0
1972-09-10 Mid Fryslân,253.0,10.0
1972-09-10 Veenwouden,47.25,10.0
1972-09-17 SCOZ '71,-280.0,10.0
1972-10-29 KVTO²,-205.25,10.0
1972-11-26 Hilversum,-71.5,10.0
1973-06-17 Geldrop,172.25,10.0
1973-09-02 De Meeuwen,205.5,10.0
1973-10-07 't Capproen,125.25,10.0
1973-10-14 Brielle,166.25,10.0
1973-12-02 Heemskerk,153.0,10.0
1973-12-09 Argus,254.5,10.0
1974-05-12 Elko '70,74.25,10.0
1974-05-12 Velp,81.75,10.0
1974-05-26 VZOD,-59.25,10.0
1974-09-01 Ados,338.0,10.0
1974-09-01 DVS '69,-107.5,10.0
1974-09-01 Vitesse '74,174.25,10.0
1974-09-08 Stadskanaal '74,-96.25,10.0
1974-11-24 SVD (Da),316.5,10.0
1975-05-04 Regio '72,139.5,10.0
1975-08-31 Woudenberg,3.0,10.0
1975-11-23 Apollo,35.25,10.0
1975-11-23 Unitas,11.0,10.0
1975-11-30 Westergo,111.0,10.0
1976-09-12 OKC,-146.5,10.0
1976-11-21 SDO (K),-70.0,10.0
1977-05-01 Wesko,-49.5,10.0
1977-08-28 Helios,34.75,10.0
1977-08-28 Revival,110.25,10.0
1977-09-04 Spirit (Vo),-131.0,10.0
1977-09-18 Emergo,167.0,10.0
1977-10-09 Djempol,-133.0,10.0
1977-10-16 De Kieviten,361.0,10.0
1977-10-16 Eymerick,208.5,10.0
1977-11-13 Fortis '75,210.25,10.0
1977-12-18 Breda Noord,575.5,10.0
1978-09-03 DSO (A),39.25,10.0
1978-09-03 Korwi,9.0,10.0
1978-09-03 Roreko,518.5,10.0
1978-11-19 Schatzenburg,175.5,10.0
1978-11-19 TOV (Fri),-557.0,10.0
1979-09-02 De Keien,-147.25,10.0
1979-09-09 Kieviten,36.25,10.0
1979-10-21 Heerlen,-107.25,10.0
1979-10-21 Minor,-374.5,10.0
1979-11-18 Boemerang,-228.0,10.0
1980-01-27 Old Hickery,140.25,10.0
1980-08-31 DFS (B),24.0,10.0
1980-09-07 Vanonta,79.0,10.0
1980-09-07 Veendam²,269.25,10.0
1980-10-12 Wertha,-120.25,10.0
1980-11-09 OSK,172.0,10.0
1980-11-23 Deurne,81.25,10.0
1980-11-30 SDO (H),-112.25,10.0
1980-12-07 Oldensaele,-444.5,10.0
1981-03-29 Venlo,311.5,10.0
1981-09-06 Dindoa,264.75,10.0
1981-09-06 Telstar,201.0,10.0
1981-10-04 Fortuna '68,-53.25,10.0
1981-11-29 Sport,-270.75,10.0
1981-12-06 Mares,115.25,10.0
1982-09-05 Argento,643.5,10.0
1982-09-05 Voltreffers (O),-43.5,10.0
1982-09-12 Atlantis,146.25,10.0
1982-09-12 Fiducia,66.75,10.0
1982-11-28 Wieen,127.0,10.0
1983-09-04 Fortissimo,63.75,10.0
1983-09-04 Iduna,-89.5,10.0
1983-09-04 Tweemaal Zes,96.5,10.0
1983-09-11 Mickels,566.25,10.0
1983-09-25 De Eibers,-290.5,10.0
1983-10-02 Centaurea,-23.5,10.0
1983-10-02 DVS (Gld),-427.0,10.0
1983-10-02 De Hazenkamp,-249.25,10.0
1983-10-09 Aladna,-212.0,10.0
1983-10-09 Quick '81,-376.0,10.0
1983-10-16 Druiden,-121.5,10.0
1983-11-20 De Parabool,469.0,10.0
1983-11-20 Débaldérin,-146.0,10.0
1983-11-20 Excelsior (U),401.0,10.0
1983-11-20 Thuve '73,-11.5,10.0
1984-09-02 Nowegro,145.25,10.0
1984-09-02 VIKO,172.0,10.0
1984-09-16 Raak,112.25,10.0
1984-09-23 Korbis,17.25,10.0
1985-11-17 Zunobri,-181.25,10.0
1985-11-24 Den Bosch,302.0,10.0
1985-12-15 Amesia,-59.75,10.0
1986-08-31 Wilskracht (E),181.25,10.0
1986-09-07 ACKC,-234.75,10.0
1986-09-07 DWS (K),0.75,10.0
1986-09-07 EKVA,214.25,10.0
1986-11-23 DOS (W),214.25,10.0
1986-11-23 Kesteren,-68.75,10.0
1987-09-05 Juventa,-29.75,10.0
1990-12-09 Elsene,-50.0,10.0
1991-09-08 Barriere,-94.75,10.0
1992-11-22 ESDO,35.75,10.0
1992-12-20 Elburg,110.25,10.0
1993-01-24 Attila,22.0,10.0
1993-01-24 Melmac,207.75,10.0
1993-11-13 De Eemvogels,-148.0,10.0
1993-11-13 Minerva,-253.5,10.0
1993-11-13 Reflex,-63.0,10.0
1993-11-20 Hemur Enge,446.75,10.0
1993-11-20 Het Bosch,-36.75,10.0
1993-11-20 Ter Leede,167.0,10.0
1993-11-27 Hellas '63,113.25,10.0
1993-11-27 Victum,512.0,10.0
1993-12-04 Hebbes,31.0,10.0
1993-12-04 Viking,-34.25,10.0
1993-12-11 Ermelo,28.25,10.0
1993-12-18 Wolderwijd,-425.75,10.0
1994-01-15 Tiel '72,-297.25,10.0
1994-11-26 Erasmus,22.0,10.0
1995-03-11 Vakgericht,-616.0,10.0
1995-09-16 Korfoes,123.5,10.0
1996-09-28 Activitas,18.0,10.0
2000-11-18 Rood Wit (W),-26.0,10.0
2000-11-18 SkunK,-163.75,10.0
2000-11-19 DLKV,133.0,10.0
2000-12-16 Maaskanters,-79.0,10.0
2001-05-13 Wesstar,-10.25,10.0
2001-09-01 d'Ommerdieck,-68.0,10.0
2003-11-22 Zevenbergen,113.25,10.0
2005-09-03 Asonia,-56.0,10.0
2005-09-03 SVAP '74,-263.5,10.0
2005-09-04 Amsterdam,-118.75,10.0
2005-09-04 BMC,-94.75,10.0
2005-09-10 Paal Centraal,-334.25,10.0
2005-09-11 Purmer,182.0,10.0
2006-09-10 ZSV,212.5,10.0
2013-04-27 Zetten,-127.25,10.0
1978-09-24 Korbatjo,-65.5,10.0
1980-11-30 KVK,-26.5,10.0
1983-05-29 Zwijndrecht,-7.5,10.0
1985-11-24 Riko,-95.5,10.0
2007-11-17 Hoogerop,223.0,10.0

1989-05-28 Scheldevogels,70.0,10.0
1991-03-24 Springfield,-18.0,10.0
1991-03-31 SKV (S),-201.0,10.0
1992-04-05 Triade,30.0,10.0
1992-09-13 DSO (K),112.0,10.0
1920-05-30 DSV (H),-199.0,0.6607491646791459
1920-05-30 Macbi,-79.0,0.08141963414527709
1920-06-13 AJC (H),-6.0,1.5605117368977517E-4
1970-08-30 KVS (Noord),-72.0,0.1672759983848664
