"Fortuna (D)","2609.4122478467907","2026-09-26","1957-05-05","27.073428429096566","Delft","135.0859672582383","0.05551195665291648","25.182161898166992"
"LDODK","2556.3991677536505","2026-09-26","1938-04-24","34.66617835668376","Terwispel/Gorredijk","125.7708672467476","0.055627825532323434","25.67679235865302"
"PKC","2518.715599200015","2026-09-26","1970-05-31","24.840564481085494","Papendrecht","130.28979932497091","0.055919520789390664","24.263353482223458"
"KZ","2479.92049765428","2026-09-19","1911-10-15","17.946860941748582","Koog aan de Zaan","124.90376661588526","0.054371953926738686","20.981571818561324"
"DVO","2475.1557996595457","2026-09-26","1970-09-06","-22.684811533236825","Bennekom","122.93942291904754","0.0568552253056239","23.256122062483588"
"DOS '46","2466.9988125990903","2026-09-26","1949-04-10","-16.735977692628694","Nijeveen","130.58292585000694","0.0554875411408572","20.342839984756566"
"Dalto","2417.0601182903765","2026-09-26","1970-08-30","58.663474759126075","Driebergen","120.79458999972353","0.05607418174172938","21.843690240685355"
"TOP (S)","2367.6531696061925","2026-09-26","1970-08-30","-20.543855693307705","Sassenheim","116.07386868274952","0.05601262035118447","19.31088608393157"
"Unitas","2364.963850404273","2026-09-26","1975-11-23","70.43155094130816","Harderwijk","119.04441484696328","0.057345817866528044","20.237623743269253"
"DSC","2361.8138247654188","2026-09-26","1932-10-16","52.941300111677265","Eindhoven","125.70818360017898","0.05585302421669191","19.31208052853865"
"DeetosSnel","2360.4013764056826","2026-09-26","1911-12-10","-2.428113797771857","Dordrecht","120.58183125579649","0.05558861241348835","18.352533513909798"
"HKC (Ha)","2321.944538342158","2026-09-26","1970-08-30","-9.693238588446093","Hardinxveld-Giessendam","130.46970230303543","0.05613201221994556","20.606046598393714"
"Blauw Wit","2309.3859887069934","2026-09-19","1918-09-29","-24.642024238033628","Amsterdam","121.74770600177222","0.05409666451373606","18.935583155608615"
"Groen Geel","2271.046688343124","2026-09-26","1931-09-27","41.478378863433136","Wormer","123.50199078679266","0.05492267852678721","19.873755506100025"
"Die Haghe","2263.3834591138725","2026-09-26","1920-09-19","-19.80262537389308","Den Haag","118.65882869834053","0.05492085770316475","19.607443367949053"
"Mid Fryslân","2263.084737624848","2026-09-26","1948-04-18","2.2112210556369973","Grou / Reduzum","123.09359444446929","0.05595859356095417","21.28692703647113"
"AW.DTV","2233.7414623848113","2026-09-26","1904-02-14","-48.91166731176372","Amsterdam","119.84514653831455","0.05457842474561169","19.234209092953847"
"KCC","2197.2059248695195","2026-09-26","1963-10-13","-36.24338964142544","Capelle aan den IJssel","125.94704461134266","0.05691743926115116","17.14605197480979"
"KVA","2189.029593799897","2026-09-26","1907-12-15","46.243305139078075","Amstelveen","127.01393148982929","0.05558194959602003","19.836514848860112"
"Spirit (Vo)","2177.3094985147504","2026-09-26","1977-09-04","0.7438302906393801","Voorthuizen","124.62225846742463","0.05773319702624446","21.415730734924086"
"Wageningen","2173.066550710322","2026-09-26","1928-09-30","-23.992980217220065","Wageningen","119.02835356581967","0.057264295197672996","19.04211362031723"
"KVS","2169.6493960817916","2026-09-26","1970-08-30","-16.482973270062303","Scheveningen","125.63801452154961","0.05618418821087048","19.534582296458723"
"Avanti (P)","2146.7309818893655","2026-09-26","1970-08-30","95.90639476772162","Pijnacker","123.53027845195919","0.05665695248867569","19.732123048260824"
"Nieuwerkerk","2126.2218523986085","2026-09-26","1970-09-06","-25.017011842008742","Niewerkerk aan den IJssel","128.10870765549873","0.056633927325489344","17.644263302138402"
"Valto","2124.757055626122","2026-09-26","1970-08-30","-40.833298860331524","De Lier","132.38443107875585","0.056849282411760814","18.32762614110953"
"Nic","2122.507324993467","2026-09-19","1921-04-24","-8.856539717742635","Groningen","126.57540395695638","0.05495725593252841","20.02837446678726"
"Fiks","2090.295488781894","2026-09-26","1970-08-30","37.234271151575285","Oegstgeest","121.46274958774131","0.0562669512260159","22.701892228702462"
"OVVO","2086.664762336717","2026-09-26","1970-08-30","43.089230599781104","Maarssen","123.90373509133637","0.05659703089761772","16.653737440027353"
"AVO","2082.1857219659946","2026-09-26","1920-08-29","72.7715634651322","AssenR","122.07000020542092","0.056259712745743026","19.548223467759342"
"ONDO (G)","2077.0760978852877","2026-09-26","1970-08-30","53.31387575345002","'s-Gravenzande","130.36061661189683","0.057003211195642896","17.614950731957762"
"NKC '51","2075.8852661748283","2026-09-26","1953-09-20","62.0330638848568","Nijverdal","125.46984956829824","0.0570803139041591","20.370281063763983"
"Apeldoorn","2074.6985409627055","2026-09-19","1933-01-15","74.72140761692685","Apeldoorn","131.63465323293548","0.05652624543243478","21.054782012244406"
"KVZ '23","2072.7506332856506","2026-09-26","1920-09-19","-34.323995015459786","Zaandam","127.64188388255931","0.05547531791941542","19.25737297648735"
"GKV (G)","2063.6672020347696","2026-09-26","1970-08-30","2.8812883043137845","Gorinchem","122.24904680240785","0.05622066992238471","18.5133197204273"
"Oost Arnhem","2059.524650225811","2026-09-26","1933-10-01","14.548743965683798","Arnhem","125.06977824366506","0.05543457897932214","20.612603012882417"
"Swift (M)","2058.1828243444547","2026-09-26","1933-04-09","-34.21605456538737","Middelburg","132.3146657308062","0.05553655803562099","19.540630285739724"
"WKS","2045.6840615317096","2026-09-26","1921-05-29","6.698779840043471","Wolvega/Noordwolde/Oldeberkoop/Oldeholtpade","132.97929985241413","0.05674154303746851","15.164825697581412"
"Sporting Delta","2037.1703848984198","2026-09-26","1918-12-01","67.06788305181544","Dordrecht","121.41237240233812","0.05607909339091534","17.093456330869913"
"Kinderdijk","2015.2279847948084","2026-09-26","1970-08-30","25.40966286000321","Alblasserdam","121.12486858601557","0.05619520919142208","17.15844566995099"
"Dindoa","2012.085603967994","2026-09-26","1981-09-06","16.098118350468894","Ermelo","123.2224531069873","0.05788377051000372","18.039753472875674"
"De Meeuwen","2010.7015350002846","2026-09-26","1973-09-02","-73.63273135389386","Putten","123.63929092704122","0.056950995535459764","17.168443700638264"
"KIOS (R)","2009.9008532662858","2026-09-26","1921-05-08","-42.85949202494294","Ruinerwold","130.234040447445","0.0565557340822314","22.33050700962811"
"TOP (A)","2008.6022983119867","2026-09-26","1941-11-30","-5.467313278036954","Arnemuiden","122.36702184288522","0.05636818212488854","15.801044118939664"
"Achilles (H)","1992.2587994859598","2026-09-26","1923-11-04","-34.89191485828724","Den Haag","122.80163470971911","0.05521320689958713","18.00856435509009"
"Albatros","1991.9618825703608","2026-09-26","1970-08-30","3.707011179582423","Zwijndrecht","122.29858792444519","0.05625224575185279","21.14368499108248"
"Tempo","1991.7627300050945","2026-09-26","1970-11-29","-60.98906782426775","Alphen aan den Rijn","122.91829079934897","0.05661780648998147","18.78471091406435"
"Oranje Wit (D)","1989.0546399025955","2026-09-26","1957-12-22","-6.048625666170665","Dordrecht","124.35986382930783","0.05647512305371792","23.248962148935785"
"Noordenveld","1983.3448596397475","2026-09-26","1950-10-29","34.067625939565005","Roden","122.84582557798711","0.057181560881221394","20.872998526007223"
"Ritola","1980.5139603257746","2026-09-26","1969-10-12","5.272889586175097","Zuidlaren","123.81049955781558","0.056991028668201715","22.819848498331357"
"Tilburg","1977.4164685628612","2026-09-26","1929-05-05","-57.18335933105709","Tilburg","122.47303507473154","0.0568297885233265","18.599506514121178"
"Heerenveen","1974.0764427001002","2026-09-26","1931-05-03","-48.246456127330475","Heerenveen","129.53396785010773","0.0560910667862264","17.609042878135245"
"DOT (O)","1970.4459211335998","2026-09-26","1932-09-18","3.5243161616213","Oss","125.22586708915502","0.05701330201303605","23.323876644964134"
"Vitesse (Ba)","1969.1493710106984","2026-09-26","1970-08-30","-38.675693452029236","Barendrecht","127.24138936052829","0.05641720584492038","18.95177061654631"
"Pernix","1968.8014148605582","2026-09-26","1970-03-01","-14.10983358245062","Leiden","123.03878926888989","0.05613450623584342","19.52016690014204"
"SKF","1959.1176409099044","2026-09-26","1955-11-13","14.8032950789393","Veenendaal","125.05613637602778","0.05676153180703458","18.63904385176545"
"Fortis","1958.3174414847929","2026-09-26","1938-06-05","19.5024709817651","Oost-Souburg","135.02876838989525","0.05590267287381315","16.068528798222925"
"CSL","1955.2569259401962","2026-09-26","1968-12-08","-60.72129623068304","Britsum","121.05054026951748","0.05707157434872975","19.772258586837765"
"Wit Blauw","1931.3047320209785","2026-09-26","1928-12-09","-48.710139050294856","Kampen","121.8134311516303","0.05662086503643033","20.995652974868225"
"Drachten","1930.2809663427156","2026-09-26","1948-06-27","-43.8558517156921","Drachten","121.71428630041106","0.05577335116019082","18.525055175793625"
"Kinea / Udiros","1926.8525301900816","2026-09-26","1925-06-21","50.44252319687939","Knipe/Nieuwehorne","124.0284214349192","0.056465981945742566","16.846619358129086"
"Korbis","1915.11474567514","2026-09-26","1984-09-23","28.2195225851774","Waddinxveen","126.13644228319784","0.05805053739468326","22.756107992831456"
"De Vinken","1913.6420268085585","2026-09-26","1970-12-06","-25.484472959996765","Vinkeveen","129.01723977997068","0.05653439933791514","20.43233125031688"
"De Parabool","1913.2564901621338","2026-09-26","1983-11-20","111.808473285329","Groningen","124.74879758199907","0.05802706509029159","19.377309778276775"
"ZKC '19","1911.6959748732645","2026-09-26","1921-04-10","0.22608920105994912","Zuidwolde","120.74664864513188","0.05589809805883337","18.933277775932897"
"Synergo","1910.0881174624994","2026-09-26","1924-10-19","72.05249684881278","Utrecht","128.79352988101033","0.05619145086644348","17.414572531994573"
"BEP","1908.0256628396587","2026-09-26","1915-10-03","65.72261266996134","Purmerend","121.75370103383176","0.055044425983080424","16.947980372365393"
"VEO","1905.5412059060318","2026-09-26","1970-08-30","-50.12971012782714","Voorburg","125.33221360237111","0.056295630655596965","17.793545357935887"
"Maassluis","1903.6544860271438","2026-09-26","1970-08-30","23.980783208709454","Maassluis","124.90682712215364","0.056743204483220455","20.075448848220713"
"KOAG","1901.1542279989326","2026-09-26","1970-08-30","6.958865777052097","Krimpen aan den IJssel","124.4660426870347","0.05621781848730659","19.210732943442938"
"KCR","1892.52189459799","2026-09-26","1932-10-02","-33.536560099184726","Ridderkerk","122.69680672798016","0.056848545389595065","18.874620248044423"
"Telstar","1890.9782678935032","2026-09-26","1981-09-06","45.21253515751914","De Hoevelaken","123.9297151431205","0.05777667449900138","16.360653798649913"
"Vriendenschaar (H)","1880.2737002043525","2026-09-26","1970-08-30","22.27306234706907","Hardinxveld-Giessendam","124.23153521376702","0.05619172124556891","16.788363654733423"
"DES (De)","1866.9575871043799","2026-09-26","1970-08-30","-17.730939729176043","Delft","125.3196628091069","0.05680983147226914","18.0095514870865"
"KVZ","1866.7544996401532","2026-09-26","1916-10-08","-20.696629497879712","Zutphen","123.82970950063223","0.05525465626593844","19.965386023773085"
"Amicitia (V)","1866.4252859712035","2026-09-26","1942-09-20","-18.3665217357277","Vriezenveen","125.82875067448555","0.0570809678836201","17.261529575664234"
"OKO","1862.2958806264846","2026-09-26","1933-04-23","-15.364584146857851","Opende","124.82491704208134","0.05618803871874809","19.97599958958438"
"Antilopen","1860.932519506202","2026-09-26","1972-09-02","-88.9979199367333","Leusden","124.51681283934434","0.056581442410617744","18.131404875365465"
"KIOS (N)","1857.0261793297054","2026-09-26","1970-08-30","33.26814157095373","Nieuw Vennep","123.25824493885777","0.0566576131609123","19.563517558066543"
"Reehorst '45","1854.9958290674367","2026-09-26","1970-09-20","20.67076199522853","Ede","124.35236970743252","0.05825168841263834","22.19733637609704"
"De Wâlden","1852.7333494528411","2026-09-26","1946-05-19","63.977655418257655","Oentsjerk","123.39184248599845","0.056780178608136334","16.927206519307532"
"Victum","1850.6245674196166","2026-09-26","1993-11-27","-6.243312480946088","Houten","124.97908786813008","0.058267225028689466","19.46319148040148"
"De Meervogels","1842.3772071157582","2026-09-26","1970-10-18","12.160089368671152","Zoetermeer","124.83082177262166","0.05662337271961732","18.577929633321393"
"Rohda (A)","1839.4359552784108","2026-09-26","1922-10-22","-20.211919061258868","Amsterdam","121.7981173688795","0.054642134920452605","16.224973101576673"
"Tiel '72","1838.7095517960722","2026-09-26","1994-01-15","-5.225225040330315","Tiel","127.63539646939174","0.05834151791096458","24.150258607086805"
"Haarlem","1838.243104236208","2026-09-26","1914-10-11","38.281081900712934","Haarlem","121.73868915376818","0.056063643191115155","16.408149166739776"
"Flamingo's (B)","1837.6611666714766","2026-09-26","1963-05-12","-15.796662485086244","Buitenpost","124.81223404771589","0.057197637600524966","17.378366580016824"
"Tjoba","1836.8696030841268","2026-09-26","1942-05-03","15.075893641050243","'s-Heerhendrikskinderen","125.38301010581282","0.055525898605668575","17.858208684859207"
"Tweemaal Zes","1831.5430692697619","2026-09-26","1983-09-04","-40.554088447647246","Maartensdijk","124.44280699353436","0.05733189292853781","17.310334142140658"
"Wez Handich","1830.9692180282402","2026-09-26","1926-08-01","7.543948513967052","Rottevalle","125.67140097086018","0.056627839322554774","20.84000401445333"
"Merwede","1828.6483838122901","2026-09-26","1970-08-30","20.997819963234633","Sliedrecht","123.17527481350787","0.05650514937977036","19.21862466616286"
"HKV / Ons Eibernest","1823.0148109896961","2026-09-26","1919-10-19","33.80539029851457","Den Haag","125.50487555579517","0.05447201940402204","19.74673879306223"
"Nijmegen","1814.8315029031824","2026-09-26","1912-01-28","23.64582718707129","Nijmegen","126.05874627961133","0.05721668597358147","21.480734957382246"
"DOS Kampen","1811.26634393612","2026-09-26","1937-09-26","-33.115130708755714","Kampen","124.91793441787158","0.05724418341798489","20.34189368710475"
"Woudenberg","1808.284563902729","2026-09-26","1975-08-31","-29.128340958762465","Woudenberg","125.450120504373","0.05726411153480289","20.44537013839583"
"Sparta (Zw)","1804.3459941655237","2026-09-26","1952-09-28","-40.412474985832205","Zwolle","125.08599795764039","0.057622359685623695","15.012536149466605"
"Excelsior (D)","1803.5408684299055","2026-09-26","1970-08-30","-8.896120572231666","Delft","122.12546498627336","0.055639486942223454","18.747954512793008"
"ASVD","1802.3895951938998","2026-09-26","1967-09-10","24.422437493442885","Dronten","126.75542901460882","0.05749482610425873","18.640267612690515"
"DOS-WK","1795.2176973459298","2026-09-26","1912-04-21","-7.961117634966968","Enschede","130.7948596032937","0.056457406482611876","20.135690856542382"
"Fiducia","1792.515756237199","2026-09-26","1982-09-12","-48.00408729720084","Vleuten","125.24241700898254","0.05730499666099757","16.49058025902841"
"Juliana","1792.2695082836904","2026-09-26","1968-09-01","-16.484730153828878","Oud Gastel","125.24858179130766","0.057431628569285145","18.05216119257997"
"Sporting Trigon","1786.503671475892","2026-09-26","1911-10-15","27.231426923082836","Leiden","120.87759530213458","0.055206757541440214","17.500023405728808"
"ONDO (M)","1784.1660706681446","2026-09-26","1956-04-29","26.907441123001263","Middelburg","124.21341493894681","0.05657467022764733","15.738682401813467"
"SDO (V)","1783.3626900791617","2026-09-26","1963-09-21","33.840166913940266","Veldhoven","123.97365643034045","0.05675250263807305","19.291817142025092"
"Swift","1780.672129724508","2026-09-26","1918-10-27","-49.01720355632074","Amsterdam","120.44941502190242","0.05473648964102798","17.614225991196587"
"SDO (K)","1779.283820159657","2026-09-26","1976-11-21","-52.241126900175004","Kamerik","123.40950161923328","0.0570680127307146","16.706309525771502"
"Exakwa","1776.9337594867725","2026-09-26","1971-10-03","7.077557333781215","Lelystad","125.41399776013263","0.057132792469216084","18.927997791852636"
"Animo (G)","1768.9792201215269","2026-09-26","1970-11-15","0.3581162646999019","Geldermalsen","124.45203870787377","0.0579388124354323","18.510030971593736"
"DVS '69","1768.0874168049388","2026-09-26","1974-09-01","54.15138417140611","Hendrik Ido Ambacht","124.36103570276678","0.05751348031779955","17.14472172055114"
"Trekvogels (R)","1760.965869104597","2026-09-26","1923-09-09","16.875566973964624","Rotterdam","127.82926099308486","0.055574858030073275","20.607115957521422"
"Refleks","1759.4369123829874","2026-09-26","1956-10-28","0.6340177747504185","Rijswijk","125.10257863796895","0.05708137704029569","18.933890572697912"
"NRC '22","1750.8223035546312","2026-09-26","1913-05-19","-23.233483414403054","Enschede","125.33024686754915","0.05624945470412442","18.0733807469093"
"IFC '25","1748.0240791951608","2026-09-26","1963-05-19","-56.7147553364955","Kollum","124.36011345186873","0.05755164514340446","18.962885724753857"
"MIA","1746.746544559382","2026-09-26","1970-08-30","-14.291057080096607","Amersfoort","127.08604373527821","0.05704567706535826","17.821257784848598"
"ALO","1739.3880714638872","2026-09-26","1905-05-21","-25.110175234516873","Den Haag","122.10760177337548","0.055406897371030335","17.193391372660887"
"Weidevogels","1731.510794518593","2026-09-26","1970-09-06","89.85770889235027","Bleiswijk","124.26619081535218","0.05733049818768039","17.553136335489253"
"Juventa","1729.0145463459157","2026-09-26","1987-09-05","-24.643155742545787","Hardenberg","129.1035040873309","0.057747055100431245","17.414317032704894"
"ACKC","1725.0588288665292","2026-09-26","1986-09-07","10.152682768773957","Almkerk","123.58761945997037","0.057987550753784305","15.490989460224151"
"Rood Wit (W)","1723.149620717886","2026-09-26","2000-11-18","70.54567676399506","Wezep","134.12007543879284","0.05856875501817333","19.12969503855235"
"Hoogkerk","1711.8287986855944","2026-09-26","1962-10-14","42.207894157322926","Hoogkerk","126.82637000684272","0.0569049821622204","16.044658521655688"
"Elburg","1710.6044323239148","2026-09-26","1992-12-20","70.30183336856066","Elburg","126.10027427835627","0.05799285012406969","15.548761327314201"
"Rust Roest (E)","1697.8700666733541","2026-09-26","1932-10-23","-57.04286801596413","Eindhoven","137.456408384655","0.05604430987189607","14.769911740216278"
"NIO","1697.3442773385734","2026-09-26","1970-08-30","58.873287916890604","Rotterdam","127.04466018136705","0.05705767487642924","16.82182540938636"
"Nova","1680.5165076951548","2026-09-26","1941-09-14","47.150574189256986","Bilthoven","123.50180564680343","0.05680168992812921","14.398062287271966"
"KVW '22","1675.2944100236305","2026-09-26","1920-08-01","-40.59549162305734","Leek/Tolbert","124.84216372023168","0.056482902146525855","16.945584649518665"
"Viking","1674.6247268499537","2026-09-26","1993-12-04","-2.4639113921857643","Wijk bij Duurstede","131.28670083952514","0.05825664515143379","19.510353995922518"
"Sparta (N)","1674.0763592334965","2026-09-26","1952-09-21","48.292263778238066","Nijkerk","125.65172740626912","0.05687853979295585","17.9368365212862"
"De Granaet","1670.5824806221833","2026-09-26","1972-09-10","-61.50547837734257","Dokkum","126.49866543303577","0.05745488075718363","16.994287314079585"
"RWA","1670.2025427115134","2026-09-26","1948-04-18","2.320679780505543","Poortugaal","128.2945193681019","0.05726464480930928","16.955083012345934"
"TOGO (G)","1663.539393679101","2026-09-26","1934-06-24","69.04893702755521","Goes","125.81940410462832","0.056565870294930994","19.567840697562424"
"Velocitas (L)","1660.490213717491","2026-09-26","1970-08-30","-19.349197325683008","Leiderdorp","123.59143669525038","0.05672129068068154","17.57801322839942"
"Movado","1657.8856528879423","2026-09-26","1925-11-01","39.92304647223705","Dordrecht","124.49180432196164","0.05634547832590287","17.13902391208784"
"HHV","1657.2836102821182","2026-09-26","1970-08-30","90.88965721353634","Hollandscheveld","123.23142064781784","0.05734185194632805","21.080597277499226"
"De Pein","1656.9530554894855","2026-09-26","1946-06-02","26.573603774874528","Opeinde","124.35189730963349","0.05628188715248655","17.576099527224848"
"DKV Victoria","1656.2295319612285","2026-09-26","1919-09-14","74.13272965662645","Diemen","124.72017881653908","0.056323690152506885","15.785977541734947"
"IJsselvogels","1644.6765314277393","2026-09-26","1970-09-13","-61.30344780592645","Moordrecht","125.42690691838524","0.05683264329014324","16.35416379252772"
"KZ Danaiden","1632.6131430537012","2026-09-26","1936-02-23","-37.49196776765302","Leiden","124.35568300522193","0.05597476124463349","13.993184818861168"
"Fluks (N)","1621.5643690286931","2026-09-26","1970-08-30","25.53520386892501","Noordwijk","124.25495115209796","0.05709070667502541","15.819884065568413"
"EKVA","1621.4166615541462","2026-09-26","1986-09-07","6.404411184308628","Almere","123.48820542594817","0.05780167501304876","18.959539105914565"
"Hellas '63","1616.4587007739335","2026-09-26","1993-11-27","-36.11501715585132","Nunspeet","126.92247369673655","0.05825307784933081","18.625029502099316"
"Sporting West","1614.1858019151707","2026-09-26","1918-11-03","30.184364860969026","Amsterdam","123.24285754108013","0.056409876148805896","16.414548881765942"
"Atlas","1605.935108057468","2026-09-26","1950-03-26","-54.54164915064348","Ritthem","126.66703548762132","0.057478017969987125","18.51181460554172"
"Reeuwijk","1604.6999446113155","2026-09-26","1970-09-13","-43.760448161819795","Reeuwijk","124.11861242470854","0.05840618992353768","17.181747400085758"
"Thrianta","1604.203204936608","2026-09-26","1970-08-30","108.97334757416934","Hoogeveen","128.3820328626261","0.05670480952358772","18.552155100209937"
"DTL","1603.600523256975","2026-09-26","1968-12-01","-9.44003629398162","Hantum","131.8005896796882","0.05751476477189361","18.0889112302129"
"Zuid '27","1599.920382239737","2026-09-26","1927-12-11","-89.98597524991828","Rotterdam","127.0707657176442","0.057100347707372864","22.28076819132747"
"Vriendenschaar (B)","1598.1923724591434","2026-09-26","1966-05-22","-65.30087511363513","Bodegraven","125.17178939670231","0.05740290678495126","17.655030586820097"
"Devinco","1595.5461644708473","2026-09-26","1921-10-23","-9.173038238437584","Deventer","128.60886580516666","0.057690008822498584","18.06011152471019"
"Sparta (Ze)","1586.1278761458984","2026-09-26","1921-04-10","16.307739484301237","Zevenhuizen Gr","122.42195181983654","0.05649422656025257","20.765767806687137"
"Dunas","1584.4827432962763","2026-09-26","1953-02-22","4.854421077831603","Den Haag","124.23662496620776","0.056681585270364016","18.637179296338857"
"Phoenix (Z)","1575.8421510264295","2026-09-26","1922-10-22","36.16302675469797","Zoetermeer","125.68653856928668","0.05583773065127463","16.218279865401477"
"Fortissimo","1574.8865535490463","2026-09-26","1983-09-04","-28.505022583379514","IJsselstein","125.42939565148433","0.05760258792182666","18.86200813720013"
"It Fean","1573.1659452663996","2026-09-26","1959-04-26","-24.628013256525037","Surhuisterveen","124.65456588534131","0.05753299993932622","17.768400521819668"
"DSO (K)","1567.0281814073196","2026-09-26","1992-09-13","15.326825038606785","Klundert","124.13271140475696","0.058297195724768866","15.448698886612993"
"ADO","1563.6443454318337","2026-09-26","1970-08-30","46.839258546131305","'s-Gravendeel","123.65762298796132","0.05647249055981289","15.037682843857779"
"Harich","1558.0727343969456","2026-09-26","1960-06-19","-25.651489403044707","Harich","123.63656001359743","0.057036309650349594","16.945260894831975"
"Korbatjo","1554.343543868846","2026-09-26","1978-09-24","-7.814807324797357","Oud Beijerland","126.85232151555579","0.05860932919923025","18.82511377666603"
"RODA (W)","1544.8951271496483","2026-09-26","1918-05-19","2.1154515605296638","Westzaan","133.14823391298526","0.055442167786226994","15.663893515341652"
"Twist","1534.665936535014","2026-09-26","1968-09-01","59.159664468264964","Vlaardingen","127.04642282524385","0.05688208020126688","14.195303383346035"
"VDDO","1533.454185355543","2026-09-26","1921-06-12","60.91145476318661","Haule","125.76370954701879","0.0570387112757635","17.06637400235781"
"Elko","1528.3625959034139","2026-09-26","1970-09-06","-20.390459978038734","Elim","125.70664297600922","0.05747824526660252","25.572939921460716"
"Lintjo","1521.068959420244","2026-09-26","1964-04-12","122.69409622787998","Oldeberkoop","124.38004663916078","0.05711000680583533","16.95516461666901"
"ROG","1520.683363984097","2026-09-26","1961-01-29","-1.4676851934007118","Groningen","124.68955688617353","0.05683715289133088","17.771671409331795"
"DWS (K)","1515.990339267698","2026-09-26","1986-09-07","19.76685262213573","Kootwijkerbroek","125.89883599875917","0.05829353214885425","13.129780339513806"
"HKC (U)","1512.086983049126","2026-09-26","1970-08-30","66.40032712564584","Utrecht","126.00044723652154","0.05713353173041693","18.30186354819213"
"OKV","1508.1442592647911","2026-09-26","1937-10-31","-56.39895230323987","Oostzaan","123.49110269803323","0.05526058415212497","17.148541168468267"
"Dijkvogels","1504.716941465277","2026-09-26","1970-11-29","26.132188636375304","Maasdijk","124.75611169829482","0.05712383119072276","13.236663940845935"
"HKC (He)","1502.3045035781515","2026-09-26","1915-03-14","-79.00271246817738","Hengelo Ov","129.6426304475747","0.05576744697917579","16.531899701602743"
"Badhoevedorp","1500.0472672180247","2026-09-26","1967-11-16","62.71950061458597","Badhoevedorp","126.18152606612696","0.05754371337912625","13.330683794467262"
"OZC","1493.6701851500743","2026-09-26","1923-09-16","1.3344002055491728","Rotterdam","125.56371831175338","0.05531453171645238","17.2624922011015"
"Erasmus","1491.852898598039","2026-09-26","1994-11-26","-84.6926215943854","Rotterdam","127.53613452037479","0.05884931915641988","16.92821378996981"
"Apollo","1491.8026786658545","2026-09-26","1975-11-23","-11.305974350108272","Heerhugowaard","129.0622979635541","0.0576151216583411","14.042010219462917"
"Pallas '08","1487.9260525686173","2026-09-26","1917-09-16","-88.77603281071083","Leeuwarden","122.48757090314425","0.05697279893449294","18.19618458595072"
"Rapid (H)","1486.9032362656474","2026-09-26","1970-09-06","52.698867117982445","Haarlem","126.26036451742053","0.05805806073595009","13.97559580498805"
"ODIK","1481.8346762713593","2026-09-26","1970-08-30","-82.62719873079436","Barneveld","129.89575146492407","0.057042342968056124","14.599222688027906"
"Atlantis","1481.440913021538","2026-09-26","1982-09-12","-103.61997414566213","Mijdrecht","124.11198800333214","0.057667010523304564","18.823085064204154"
"Revival","1475.2990293004768","2026-09-26","1977-08-28","68.98058168115222","Terschuur","131.1276179283894","0.05753995578293006","14.182650109587174"
"Madjoe","1469.4318516980582","2026-09-26","1966-09-11","4.2420702615143","Rijnsburg","123.74637330590124","0.05752920331451316","15.833778663804555"
"WWC","1466.1887381740853","2026-09-26","1938-05-15","-135.42555499307355","Mantgum-Wieuwerd","135.23310108599037","0.05781723735064316","18.032316438640354"
"Furore","1464.6911303965062","2026-09-26","1966-09-11","61.12640030563011","Krommenie","125.00875934718907","0.05797103091816036","12.666666480757632"
"Achilles (A) / AKC","1459.7188894634037","2026-09-26","1916-09-17","19.274529229252494","Almelo","130.61932221971134","0.055901345903917564","19.363780607887207"
"VZOD","1456.2705257217224","2026-09-26","1974-05-26","62.20906483011777","Kudelstaart","124.82557591441389","0.05793297994408683","15.896811565771534"
"HBC (Be)","1450.3099647537067","2026-09-26","1935-09-22","-34.8210986653155","Beverwijk","126.31430795452106","0.05767428927229201","13.138295184778398"
"ODO (M)","1441.5992643614043","2026-09-26","1970-09-06","-34.159856383828355","Maasland","121.88064235341214","0.05659896185800541","12.747018850015115"
"Quick '21 / Vlug en Vaardig (G)","1433.208523766906","2026-09-26","1922-07-09","-100.63324669657027","Oudega/Garyp","123.0987699372026","0.05629987562489752","17.650487724590846"
"Oranje Zwart","1430.7830711778186","2026-09-26","1928-09-30","-18.869606158496254","Zwolle","126.45628849975894","0.056564956800866865","19.10706895005281"
"MN en W","1429.0992177723915","2026-09-26","1949-05-15","24.67086836187991","Hijum","131.26066249835267","0.05781380741504976","16.780842018322176"
"Zwart Wit","1428.1765622029204","2026-09-26","1922-10-07","-17.665251934483877","Delden","126.03312174577295","0.05718735396996236","14.861876983008388"
"Spannum","1426.7482610472712","2026-09-26","1954-06-27","-28.929967633973547","Spannum","123.49863146701638","0.05775845637869229","14.856299470866997"
"Blauw Zwart","1417.6373391172542","2026-09-26","1935-11-10","51.45660296198503","Wierden","137.95690349544725","0.05741950072827714","17.88696027365507"
"Luno","1417.300121328148","2026-09-26","1970-09-06","-58.47880965667491","Linschoten","124.9795166244477","0.05840472774664963","12.947392372305394"
"Leeuwarden","1414.8961182573341","2026-09-26","1925-06-14","34.30391359986788","Leeuwarden","123.41464168183086","0.055802879304976176","15.421065212401794"
"Nexus","1414.3330458877886","2026-09-26","1923-04-22","18.718852633304095","Schiedam","128.05018905753232","0.05729089857198583","14.106407708928156"
"Duko / Wesstar","1414.10867587223","2026-09-26","1983-11-20","24.013242445552578","Duiven","130.07623186685905","0.05878897884508069","15.595274354405168"
"Olympia (T)","1414.058233526201","2026-09-26","1944-04-30","35.87176696178108","Twijzel","131.66387565935244","0.057774342827676614","12.516321992504118"
"KVK","1411.9635298199637","2026-09-26","1980-11-30","-40.34186699436259","Kapelle","128.59752418209655","0.05867242838904476","15.433337155654973"
"SDO (S)","1408.1807258238769","2026-09-26","1935-04-14","-29.669756425564856","Schoonoord","128.92283317769622","0.057210552408785184","21.13676117068819"
"Blauw Wit (K)","1408.1497323513408","2026-09-26","1954-04-18","-24.194497218530614","Kloetinge","127.49176266444327","0.057356675368611165","15.687036747498862"
"Joure","1407.535384108663","2026-09-26","1959-07-05","21.394835028998386","Joure","126.18120804303243","0.05684902171706672","15.64650719062142"
"Zaamslag","1406.66025004948","2026-09-26","1970-03-01","-23.120518213891273","Zaamslag","136.92592350611307","0.058422128461309855","21.031121938402276"
"Triade","1405.6536466131297","2026-09-26","1992-04-05","64.15909142695136","Langerak","132.70636957399486","0.05885478141328535","20.451951401385887"
"Stadskanaal '74","1401.2851658407938","2026-09-26","1974-09-08","39.26830673550694","Stadskanaal","128.35292455016972","0.057662929395893986","18.849004515058517"
"Zwaluwen (Ze)","1391.1127374170158","2026-09-26","1941-10-05","-113.1408959043356","Zevenaar","134.13997701399228","0.05815749291336093","16.3571352432442"
"WION","1389.2974673451788","2026-09-26","1935-10-20","-36.412793776954004","Rotterdam","127.28040739768144","0.05644032285188109","17.04973281178708"
"Wolderwijd","1371.2865059892397","2026-09-26","1993-12-18","-83.35041736566063","Zeewolde","129.92007042456135","0.058720229166186744","15.376552494825503"
"In Fundo","1370.7379429363614","2026-09-26","1952-09-28","-118.46788222901955","Emmeloord","126.97605370730054","0.05738084832114818","16.02118688146303"
"PSV","1366.3778647651945","2026-09-26","1916-11-19","42.92205354710677","Eindhoven","123.1182552490266","0.05537518408096349","18.302662433931346"
"Good Luck","1360.6919196063852","2026-09-26","1966-01-16","-26.130965385430045","Middelharnis","128.17567129417165","0.05814252967226866","18.615770892104187"
"Ados","1359.2960686754102","2026-09-26","1974-09-01","94.11699848949297","Hoorn","126.39130881418549","0.05688587314032977","13.969232966367839"
"GKV","1352.058058134361","2026-09-26","1922-10-08","-75.19989871040366","Den Haag","121.96778181500052","0.0558630540727746","19.552763232340936"
"'t Capproen","1342.941033185869","2026-09-26","1973-10-07","159.4535381481826","Hellevoetsluis","138.25206686674687","0.05882714255363129","13.761892931939196"
"NKV","1332.0583633220222","2026-09-26","1971-11-28","19.40353927256274","Nuenen","125.63793034308534","0.05754891857861538","15.339206529944473"
"Gemini","1329.0294070397608","2026-09-26","1927-12-11","94.07017199477491","Gouda","135.3193936087414","0.05759641799922485","16.21675378783548"
"DKB","1327.3545020508627","2026-09-26","1971-11-28","39.246740743760256","Best","132.5870568891044","0.05813236262603504","15.95580678311896"
"DTS (S) / Harkema","1326.9406154653043","2026-09-26","1944-05-07","-69.98697927469948","Surhuisterveen / Harkema","123.44787538790175","0.05681573248662452","18.694532678473827"
"OJC '98","1315.188104127688","2026-09-26","1929-06-23","-6.249398464824026","Tilburg","131.0442878372808","0.05742811192052607","15.116013581846037"
"SkunK","1306.7387193733646","2026-09-26","2000-11-18","-23.913338561980026","Nijmegen","128.14734860643094","0.05863731500951355","16.701891212861575"
"DTG","1299.0539546118423","2026-09-26","1948-04-25","14.546325146352956","Wijckel","123.8602269688318","0.05757949304688802","14.048728256001029"
"Helios","1292.1524404309798","2026-09-26","1977-08-28","-69.20296415224061","Castricum","125.77007578999888","0.05849835721974027","13.632819408748784"
"Rheko","1291.614678986133","2026-09-26","1970-09-06","58.03978131997883","Rheden","124.33650465839852","0.05749273337983119","14.86829563455949"
"Club Brothers","1286.942450744257","2026-06-07","1934-09-16","0.0","Groningen","167.06111955075994","0.05635852851395134","19.786636337353844"
"Rivalen","1286.0616261685507","2026-09-26","1967-09-03","84.65621060712328","Doesburg","127.94927899508318","0.05831905511897712","12.030317519794007"
"Hebbes","1283.1599019799185","2026-09-26","1993-12-04","-51.844038262065396","Utrecht","138.15753276431937","0.058633547210569646","15.388036324175136"
"De Eemvogels","1273.3576476216238","2026-09-27","1993-11-13","0.0","Soest","114.3328608243433","0.059186176875136165","12.525597518397696"
"DTS (E)","1272.2232025713436","2026-09-26","1972-09-02","16.501570185741457","Enkhuizen","130.65091505995105","0.057800787252596714","13.932188174154476"
"EKCA","1272.2021677332393","2026-09-26","1910-10-16","30.552307851386786","Arnhem","132.13069624572614","0.05611757787615681","16.980184512282875"
"DWA / Argo","1271.9909572202603","2026-09-26","1970-08-30","-6.276914419569039","Winsum/Bedum","128.83835162961896","0.05746615160319343","16.587970485141298"
"Paal Centraal","1270.5174067842358","2026-09-26","2005-09-10","-146.35645049711889","Delft","129.0165131553369","0.05880291036608584","18.13220980967179"
"Huizen","1268.6652642560452","2026-09-26","1952-09-21","-16.215700743621028","Huizen","126.67102420298373","0.0579088606571979","13.13143311372697"
"Melynas","1262.394421409542","2026-05-16","1966-09-18","0.0","Eerbeek/Brummen","232.93769060171022","0.05870002143975489","14.257467390581334"
"Regio '72","1256.5338370058714","2026-09-26","1975-05-04","113.41635570465473","Vaassen","128.11265930996447","0.05824797770543358","16.257297597372606"
"Aurora / DKV (IJ)","1246.4687015639577","2026-09-26","1938-04-10","-19.075293036844187","Haarlem","123.8002151021813","0.05645059293516968","13.80015171847764"
"Arena","1238.783687231573","2026-09-26","1971-08-29","-36.222096281155245","Rhenen","127.88561804094263","0.05744514622101801","14.410374643755242"
"ESDO","1236.8552715914095","2026-09-26","1992-11-22","-48.11628827111076","Kockengen","128.8432904117208","0.05839731475310649","13.906680391046084"
"Kesteren","1235.0860647500622","2026-09-26","1986-11-23","-6.824832784686578","Kesteren","134.71296666053564","0.05835795858823132","14.13918225485831"
"KCD","1234.1501021837635","2026-09-26","1952-09-21","-2.162086915711143","Doorn","136.91412762659039","0.057953422108656574","15.717356719767766"
"Keep Fit '70","1232.1522610499383","2026-09-26","1951-09-16","29.640540105647233","Roosendaal","128.7352840203736","0.058053408045593086","16.815084244688933"
"Vitesse (Be)","1227.9256731817268","2026-09-26","1913-10-12","24.36752564158246","Beilen","126.82523931832573","0.05622683223314164","16.66393409001825"
"RDZ","1213.110244665047","2026-09-19","1941-09-14","12.114451261362092","Zeist","128.59811040394442","0.05669102143757792","12.979165155526221"
"WSS","1206.1468857821508","2026-09-26","1952-04-20","11.604759078570623","Oude Pekela","127.74210135415501","0.056685208844541694","17.558466549328728"
"SDO (H)","1202.4650048052347","2026-09-27","1980-11-30","0.0","Hillegom","123.45443372840437","0.05909280467233729","13.367677575696044"
"Noveas","1201.7314018588547","2026-09-26","1962-06-24","0.2252438581538172","Steenwijk","134.08294720106542","0.058058292871855204","19.782293326264806"
"Midlandia","1187.8005318362896","2026-09-27","1969-08-31","0.0","Bunnik","123.12594697902142","0.05761707498770443","14.361222693687582"
"Luctor","1186.8398412168672","2026-09-26","1941-06-22","47.306166851925354","Terneuzen","129.31350270632777","0.05746154538984642","15.381065862136175"
"Ventura Sport","1186.2596835802378","2026-09-26","1970-10-25","-59.29636210440435","Strijen","126.69058069075471","0.05697390059850245","13.36040080571733"
"Oranje Zwart (M)","1184.9111196634417","2026-09-26","1971-12-12","29.37123010876303","Mijnsheerenland","130.8226459899296","0.0584520702748055","12.841523641166074"
"Seolto","1182.4869755191803","2026-09-26","1933-04-09","8.846421105097988","Vlissingen","133.67003411587243","0.05715543580166186","14.715012010623584"
"Roreko","1182.0357429464962","2026-09-26","1978-09-03","-51.19688007630043","De Wijk","141.93125974751732","0.05804693127199287","15.251717372392747"
"Centrum","1174.5795242636393","2026-09-26","1946-09-15","-99.57869615902382","De Krim","169.68722686491498","0.05887651543536919","12.401854415617935"
"VIKO","1172.939706259379","2026-09-26","1984-09-02","74.40985570646126","Vianen","142.9617241235426","0.057666913032156444","14.986462828999715"
"SIM","1158.1775419670557","2026-09-27","1921-06-12","0.0","Nieuwe Brug","231.35948687270144","0.057773962827375215","13.633621620683112"
"OEC","1154.7970787956224","2026-09-26","1934-01-21","-39.957578069497686","Helmond","125.60781984161181","0.05669526937694722","16.17255701441006"
"Westergo","1147.7787169891144","2026-09-26","1975-11-30","67.38400685779129","Bolsward","130.9669697490027","0.058323107295176035","15.568151932205156"
"TOP (V)","1144.0776031293976","2026-09-19","1940-12-08","69.25655077001102","Vroomshoop","133.04769516147874","0.05740248805820479","16.19861309957585"
"Thor (H)","1130.8329918640268","2026-03-14","1970-08-30","0.0","Harmelen","128.33733385105407","0.05747503325712857","13.36305883501569"
"DSO (A)","1130.120297079195","2026-09-26","1978-09-03","111.59451072572722","Alkmaar","128.79677471990598","0.05820315875167718","14.170761442275591"
"Attila","1125.8968348942035","2026-09-26","1993-01-24","-1.4564086307677826","Eindhoven","140.5515603477758","0.05894882789729097","15.464384938427132"
"Springfield","1123.5303324236552","2026-09-19","1991-03-24","-1.6751372842679757","De Hoeven","132.66740467875968","0.05893120960630847","13.62628095343484"
"Oosterkwartier (H)","1123.3085314971388","2026-09-26","1932-09-25","-69.47870553107214","Haarlem","129.99693260691947","0.055847529500058245","13.340420879711901"
"FSC","1118.3964781221684","2026-06-07","1981-10-04","0.0","Knegsel","141.1311676895191","0.05882640207619591","15.739201419770618"
"Maastricht","1116.5400125645576","2026-09-05","1971-10-17","8.546781662366811","Maastricht","169.05165025214953","0.0586475311455642","22.327201421497172"
"Korwi","1107.3713634738167","2026-06-07","1978-09-03","0.0","Winschoten","180.51988186062317","0.05832295052660894","11.194430494296784"
"Oerterp","1094.2296244345614","2026-09-26","1946-06-02","-7.867672540467538","Ureterp","127.91012087631783","0.056824701965237805","15.452290454986604"
"SEV (Z)","1087.987929653938","2026-06-06","1971-09-05","0.0","Zelhem","115.95563961971902","0.05837459620183104","13.316740983741292"
"WWSV","1087.2412658861078","2026-09-27","1966-09-11","0.0","Wijdewormer","267.10640424156793","0.058658435327233256","11.65659182576567"
"SDO (W)","1084.6953681040625","2026-09-26","1946-09-15","-26.242672073620497","Westerhaar-Vriezenveensewijk","143.31459553204203","0.057930995452807096","12.827241982647797"
"Koveni","1082.38690470712","2026-09-26","1971-11-28","-14.860894559745475","Nieuwegein","131.37928286362504","0.05794552489826235","15.153060435054341"
"Ready '60","1077.1242435877184","2026-09-26","1961-09-17","-262.7091499981691","Roermond","167.9528738850702","0.05808611507259352","12.635902772602886"
"Olympia '22","1068.1526770489502","2026-09-19","1928-01-15","-40.713412308176885","Borculo","139.29019109797932","0.05806553361821646","15.53485862719581"
"Conventus","1060.9303708949758","2026-09-26","1983-05-29","-42.06883030633071","Zwijndrecht","134.65520138867197","0.05795917442749287","13.991450740415855"
"De Corvers","1059.5049381626554","2026-09-26","1912-11-17","-68.57871417645106","Hilversum","125.03728906047766","0.05570893974952136","20.903800559936762"
"Meko '74","1054.5368021270942","2026-05-16","1917-10-28","0.0","Meppel","173.434167401378","0.05723095829857435","13.110538290748545"
"Koru","1053.4845880655262","2026-09-13","1961-09-10","11.001408306104622","Uffelte","155.0261051591957","0.057902360363433214","14.354501047647073"
"Stormvogels (U)","1050.207944355005","2026-09-26","1971-09-05","-85.34593169917889","Uitgeest","128.76202038074143","0.057458770433902066","12.3988047019766"
"Débaldérin","1044.7644448423575","2026-02-07","1983-11-20","0.0","Wageningen","213.82687367908053","0.05959410593393443","10.957337857444555"
"Stormvogels (W)","1037.0727741355813","2026-09-26","1949-03-13","-263.0334435101943","Westkapelle","302.4393917771008","0.05694213874705733","12.830138389619345"
"De Waterpoort","1034.3958552251493","2026-09-26","1971-12-19","-93.09979310899803","Sneek","130.95809342796497","0.05720267669552441","15.375032189189382"
"Vlug en Vaardig (A)","1031.5107830870077","2026-09-26","1970-08-30","-7.821967157822883","Amsterdam","241.0781509710874","0.057136886395530266","14.04489130364028"
"WIK '34","1031.1705152779107","2026-09-26","1933-04-30","-4.085231316674708","Damwoude","129.30998870712486","0.05764977418331002","12.074440861813073"
"Focus","1025.9486184616444","2026-09-26","1967-09-03","-63.167514929243225","Etten-Leur","132.18436964603052","0.05857890194656722","15.716787524271922"
"DOS (W)","1025.3345305663165","2026-09-26","1986-11-23","-23.549304200597362","Westbroek","136.17202463954175","0.057856244767927195","5.511331357732272"
"Eymerick","1024.19968796532","2026-03-15","1977-10-16","0.0","Erymerick","130.4765159078632","0.0594814142570192","12.69745326289949"
"Zetten","1023.8243579620132","2026-09-27","2013-04-27","0.0","Zetten","251.639579849606","0.05997950950958496","9.882342992347505"
"De Hazenkamp","1021.9879482713991","2026-02-07","1983-10-02","0.0","Nijmegen","225.61243709838138","0.05924956020858793","12.741646375303015"
"NQL","1019.2313655950962","2026-09-27","1949-05-15","0.0","Rinsumageest/Burdaard","184.4525493965467","0.05797356074941125","11.37436431827331"
"Scheldevogels","986.6731165837983","2026-09-19","1989-05-28","35.50460901004726","Bergen op Zoom","135.26701580025227","0.05861338703538719","15.23963683870496"
"EKC 2000","980.2902775029303","2026-09-26","1952-04-27","-59.31689375946439","Emmen","133.10327766530352","0.0573042087670552","14.429127563169992"
"Olympia (S)","971.9197256907047","2026-09-26","1965-09-19","-25.186309090135865","Spijkenisse","139.39166085116148","0.0572007513924186","15.948704796363876"
"Hilversum","971.1479168753568","2026-09-05","1972-11-26","150.9654955763383","Hilversum","293.34348827119084","0.058908321045885","14.089999594417465"
"KIA","969.2214771521441","2026-05-16","1928-08-26","0.0","Koekange","170.59052878999748","0.05798416389409971","13.210471283143484"
"Voltreffers (O)","967.1988180837014","2026-06-06","1982-09-05","0.0","Oosterhout","121.80089563645909","0.05848296430886365","13.44641050384147"
"Diderna","964.0343799043072","2026-09-05","1966-09-18","-25.18226467281113","Dieren","205.25735732449579","0.05939812755736614","14.995883272043535"
"Celeritas (A)","944.2111771212376","2026-06-06","1967-09-03","0.0","Alkmaar","182.0176053149656","0.05740217585590805","9.26942919059048"
"Vefo","941.1106879512116","2026-09-20","1962-04-29","-11.098767133091087","Veeningen-Fort","154.1446408034943","0.05792744740123425","14.156971128284368"
"Vogel","936.131662241536","2025-01-19","1930-10-12","0.0","Utrecht","284.41200532301036","0.05693982192519028","13.143678007116277"
"Moedig Voorwaarts","935.3635372125879","2026-09-20","1928-06-24","-3.2820028718213052","Wapserveen","157.59566018268518","0.0571266600610936","14.493526869163015"
"WK","923.747055685248","2026-09-26","1920-07-18","0.3537368808795236","Jubbega","130.44250388619852","0.05535399943760653","14.359856232465285"
"Lemmer","914.6721909343365","2026-09-26","1966-06-12","-15.201377235601285","Lemmer","135.38552186880543","0.05820642800189562","13.218417769568518"
"SKV (S)","909.0630097397509","2026-09-26","1991-03-31","86.87010829395047","Sleeuwijk","146.05439863032063","0.058936153170102604","11.89981662882529"
"Ons Clubje","892.2621067039064","2026-09-26","1927-08-21","5.859671028880712","Glanerbrug","186.82234797050353","0.058321809423825","10.401516516416448"
"Kleine Sluis","880.8975279528632","2026-09-26","2005-09-03","-68.37118978768092","Anna Paulowna","155.99004675541104","0.05978458162881365","10.989529278214604"
"Vakgericht","877.1326135121138","2025-05-17","1995-03-11","0.0","Enschede","141.7910009182242","0.05880509681938194","11.137633062965003"
"KVS '17","871.5111125439249","2026-09-26","1979-11-18","-12.940219806797813","Schijndel","153.2110945311853","0.05856530809751022","12.815504926705572"
"ZKV (Zu)","860.4377433030195","2026-06-09","1970-10-11","0.0","Zuidland","227.33472741626284","0.05908350761037322","6.866017072431403"
"Oranje Nassau / Triaz","835.2379088046079","2026-09-26","1918-09-29","6.670228582237655","Amsterdam","234.99240800546195","0.056369167151522556","11.295076507997457"
"SF Deinum","833.41702963341","2026-09-26","1929-05-12","39.079911561850395","Deinum","146.5488165884745","0.05783965190284036","9.15090250872448"
"BKC (Br)","824.0164578344483","2026-09-26","1930-07-06","142.43833920937107","Breskens","247.00404781320037","0.05879170897330366","12.32496352111647"
"Nikantes","821.7904162940247","2026-06-06","1961-10-01","0.0","Hoogvliet","133.01854472837005","0.057931981909581785","16.871440659065808"
"Zunobri","808.1715050691768","2026-06-06","1985-11-17","0.0","Zuidhorn","140.00523091792564","0.058959554945873384","16.926481295231444"
"DLKV","801.960016471828","2026-09-05","2000-11-19","22.716580979156447","Didam","198.48384884508187","0.05882777001526455","11.686250192491311"
"SIOS '61","800.8610671354273","2026-05-16","1969-12-07","0.0","Velp","231.49042377675275","0.0589991656586424","15.473841812180508"
"Samen Een","791.0548040142578","2026-09-05","1926-10-03","-16.292673095734926","Giethoorn","181.97940917170985","0.05837293465713322","14.004791843699994"
"Amsterdam","776.5039083213649","2026-09-05","2005-09-04","-150.9654955763384","Amsterdam","293.34348827119084","0.059298633143403376","12.646661030279308"
"Aladna / De Issel","774.2856164322338","2026-05-16","1971-11-07","0.0","Aalten","262.8797844580655","0.05994318820650275","9.175759999206491"
"NKC (N)/Wees Kwiek","765.4665885143168","2026-02-08","1921-05-08","0.0","Marum","184.62022027511938","0.058007135044802524","12.265648027159124"
"DKOD","745.0803249915692","2026-09-26","1970-03-01","16.848643477389373","Heelsum","161.73180600555125","0.056599706914109996","13.149194075363875"
"Eureka","740.8261033916204","2026-06-09","1952-09-14","0.0","Rotterdam","221.5541416485932","0.05769892099182175","11.047067987685882"
"Purmer","730.0284171847014","2026-09-27","2005-09-11","0.0","Purmerend","144.3800338246983","0.05881553362477831","8.573059241094748"
"SGV","709.101564686197","2026-06-03","1970-08-30","0.0","Culemborg","152.15305660281098","0.058391744466175684","10.401841346146576"
"KIOS '45","701.6886144612747","2026-05-30","1945-11-11","0.0","Sibculo","182.19124767958323","0.05793113292355856","13.217507949252235"
"Korvesta","695.3074081378385","2026-09-05","1933-04-30","22.751354746382276","Coevorden","203.13708611543407","0.05933921660129861","11.724994066844594"
"Olympus '58","684.9905155659525","2026-09-27","1966-09-25","0.0","Doetinchem","172.49547661873308","0.05818775892435239","10.384350572003942"
"Avereest","679.3577938570292","2026-03-14","1933-10-08","0.0","Dedemsvaart","180.655798764281","0.05928040379072285","11.21461783513197"
"Hemur Enge","675.915651523202","2026-09-19","1993-11-20","82.81730573501852","Amerongen","183.32931395068368","0.0587138912101082","9.476678405649578"
"d'Ommerdieck","670.0764400152199","2026-09-27","2001-09-01","0.0","Nieuwleusen","196.70586317950298","0.05932651734729423","11.009566499007258"
"Goorecht","661.6958318639599","2026-03-08","1930-03-23","0.0","Hoogezand","192.1748076381779","0.056693937547755036","10.319174572371148"
"Groen Zwart","660.1574399743731","2026-09-26","1922-03-05","29.725770626705867","Borne","239.4129998791919","0.057354628821293364","10.827743751986311"
"Ten Donck","621.3359801991209","2026-03-12","1963-10-27","0.0","Ridderkerk","260.3878071238336","0.057354138631447706","4.439997302673593"
"Stip","607.1789536370369","2026-09-27","1985-11-24","0.0","Rosmalen","222.17829297670494","0.059564859811229616","8.978894328694187"
"Terda","579.7195712090013","2026-06-06","1957-11-03","0.0","Breda","166.56090248792384","0.058753627571263296","13.325778636463548"
"Volharding","566.6235871376914","2026-01-24","1919-06-15","0.0","Ierseke","246.69716931697772","0.05879633224656684","11.386886046464927"
"Het Bosch","548.774518347165","2026-06-03","1993-11-20","0.0","Lexmond","211.62372767187048","0.059693931422582606","10.496412624126624"
"Mariarade","497.05137226643944","2026-09-05","1971-09-26","-12.105201756512713","Hoensbroek","212.4777303646797","0.05848647617368033","3.5080000492477392"
"Wiko","446.0553977738299","2026-05-26","1967-04-23","0.0","Winterswijk","211.93858215190724","0.05833255108865141","13.168294239684894"